governorate,quarter,SIGACT,SIG_1,df,idf,suicide,ied_attack,ied_clear,ied_total,governorate_1,governorate_2
,176,0,0,0,0,0,0,0,0,,
,177,0,0,0,0,0,0,0,0,,
,178,0,0,0,0,0,0,0,0,,
,179,0,0,0,0,0,0,0,0,,
,180,0,0,0,0,0,0,0,0,,
,181,0,0,0,0,0,0,0,0,,
,182,0,0,0,0,0,0,0,0,,
,183,0,0,0,0,0,0,0,0,,
,184,0,0,0,0,0,0,0,0,,
,185,0,0,0,0,0,0,0,0,,
,186,0,0,0,0,0,0,0,0,,
,187,0,0,0,0,0,0,0,0,,
,188,0,0,0,0,0,0,0,0,,
,189,0,0,0,0,0,0,0,0,,
,190,0,0,0,0,0,0,0,0,,
,191,0,0,0,0,0,0,0,0,,
,192,0,0,0,0,0,0,0,0,,
,193,0,0,0,0,0,0,0,0,,
,194,0,0,0,0,0,0,0,0,,
,195,0,0,0,0,0,0,0,0,,
,196,0,0,0,0,0,0,0,0,,
Anbar,176,173,173,58,10,1,103,1,104,Anbar,Anbar
Anbar,177,475,475,165,37,0,268,5,273,Anbar,Anbar
Anbar,178,515,515,227,74,0,212,2,214,Anbar,Anbar
Anbar,179,1066,1066,383,114,0,360,2,362,Anbar,Anbar
Anbar,180,1044,1044,258,63,0,487,0,487,Anbar,Anbar
Anbar,181,1406,1405,272,28,0,744,0,744,Anbar,Anbar
Anbar,182,2078,2076,475,8,0,1062,0,1062,Anbar,Anbar
Anbar,183,2296,2296,604,1,0,1286,0,1286,Anbar,Anbar
Anbar,184,2299,2299,781,0,1,1222,0,1222,Anbar,Anbar
Anbar,185,3072,3007,980,14,5,1510,0,1510,Anbar,Anbar
Anbar,186,4171,4080,1353,45,7,1746,267,2013,Anbar,Anbar
Anbar,187,4183,4117,1824,38,37,947,730,1677,Anbar,Anbar
Anbar,188,3582,3412,1478,19,40,659,975,1634,Anbar,Anbar
Anbar,189,1867,1600,580,23,39,350,690,1040,Anbar,Anbar
Anbar,190,1107,1013,309,53,21,240,399,639,Anbar,Anbar
Anbar,191,563,547,118,2,1,101,305,406,Anbar,Anbar
Anbar,192,385,383,87,3,5,94,180,274,Anbar,Anbar
Anbar,193,297,288,51,1,8,77,103,180,Anbar,Anbar
Anbar,194,229,225,52,2,3,72,61,133,Anbar,Anbar
Anbar,195,176,171,37,4,3,65,30,95,Anbar,Anbar
Anbar,196,79,75,16,0,0,24,26,50,Anbar,Anbar
Babylon,176,26,26,3,0,0,23,0,23,Babylon,Babylon
Babylon,177,182,182,50,21,0,99,12,111,Babylon,Babylon
Babylon,178,102,102,25,25,0,51,1,52,Babylon,Babylon
Babylon,179,194,194,45,26,0,107,0,107,Babylon,Babylon
Babylon,180,195,195,32,13,0,117,0,117,Babylon,Babylon
Babylon,181,147,147,30,0,2,100,0,100,Babylon,Babylon
Babylon,182,146,146,33,1,3,89,0,89,Babylon,Babylon
Babylon,183,133,133,21,0,0,100,0,100,Babylon,Babylon
Babylon,184,149,149,25,2,0,108,0,108,Babylon,Babylon
Babylon,185,203,176,21,1,0,158,0,158,Babylon,Babylon
Babylon,186,405,303,71,2,0,210,26,236,Babylon,Babylon
Babylon,187,395,303,77,0,3,145,66,211,Babylon,Babylon
Babylon,188,423,313,100,3,4,124,62,186,Babylon,Babylon
Babylon,189,477,332,114,20,4,148,57,205,Babylon,Babylon
Babylon,190,325,226,102,51,1,79,37,116,Babylon,Babylon
Babylon,191,229,198,77,8,1,57,47,104,Babylon,Babylon
Babylon,192,96,94,24,9,2,16,41,57,Babylon,Babylon
Babylon,193,78,71,9,3,0,26,32,58,Babylon,Babylon
Babylon,194,77,72,10,2,1,38,20,58,Babylon,Babylon
Babylon,195,73,67,11,2,1,24,26,50,Babylon,Babylon
Babylon,196,35,32,4,1,1,8,16,24,Babylon,Babylon
Baghdad,176,305,305,85,19,1,197,2,199,Baghdad,Baghdad
Baghdad,177,1801,1801,668,305,0,753,75,828,Baghdad,Baghdad
Baghdad,178,1624,1624,648,372,0,576,28,604,Baghdad,Baghdad
Baghdad,179,2575,2575,930,311,1,1194,1,1195,Baghdad,Baghdad
Baghdad,180,2204,2203,700,126,4,1305,0,1305,Baghdad,Baghdad
Baghdad,181,2239,2237,709,88,1,1321,0,1321,Baghdad,Baghdad
Baghdad,182,2519,2509,734,49,1,1517,0,1517,Baghdad,Baghdad
Baghdad,183,2166,2163,656,5,3,1215,0,1215,Baghdad,Baghdad
Baghdad,184,3332,3312,949,5,6,1847,0,1847,Baghdad,Baghdad
Baghdad,185,4867,3981,1101,17,5,2609,0,2609,Baghdad,Baghdad
Baghdad,186,7484,5088,1713,32,4,2841,361,3202,Baghdad,Baghdad
Baghdad,187,9971,6016,2352,38,42,2320,1191,3511,Baghdad,Baghdad
Baghdad,188,8471,6303,2438,43,40,2096,1321,3417,Baghdad,Baghdad
Baghdad,189,9692,7420,3024,319,45,2305,1286,3591,Baghdad,Baghdad
Baghdad,190,6914,5332,2422,734,20,1647,982,2629,Baghdad,Baghdad
Baghdad,191,3439,3035,1182,280,4,850,639,1489,Baghdad,Baghdad
Baghdad,192,2549,2410,931,124,10,650,654,1304,Baghdad,Baghdad
Baghdad,193,2717,2543,935,184,3,803,569,1372,Baghdad,Baghdad
Baghdad,194,1292,1159,217,23,9,569,312,881,Baghdad,Baghdad
Baghdad,195,1004,957,118,20,10,440,334,774,Baghdad,Baghdad
Baghdad,196,454,421,49,8,1,192,153,345,Baghdad,Baghdad
Basrah,176,24,24,10,0,0,12,1,13,Basrah,Basrah
Basrah,177,168,168,96,19,0,45,8,53,Basrah,Basrah
Basrah,178,156,156,92,42,0,21,1,22,Basrah,Basrah
Basrah,179,100,100,44,16,0,37,0,37,Basrah,Basrah
Basrah,180,59,59,23,7,0,27,0,27,Basrah,Basrah
Basrah,181,56,54,28,2,0,23,0,23,Basrah,Basrah
Basrah,182,63,61,29,2,0,25,0,25,Basrah,Basrah
Basrah,183,52,52,25,0,0,19,0,19,Basrah,Basrah
Basrah,184,138,136,49,0,0,48,0,48,Basrah,Basrah
Basrah,185,212,173,59,3,1,42,0,42,Basrah,Basrah
Basrah,186,376,317,114,5,1,56,6,62,Basrah,Basrah
Basrah,187,720,631,342,7,0,65,9,74,Basrah,Basrah
Basrah,188,667,639,313,1,0,43,9,52,Basrah,Basrah
Basrah,189,734,660,233,27,0,52,12,64,Basrah,Basrah
Basrah,190,552,459,234,134,1,35,4,39,Basrah,Basrah
Basrah,191,209,118,48,5,2,41,9,50,Basrah,Basrah
Basrah,192,301,283,207,15,0,33,8,41,Basrah,Basrah
Basrah,193,139,121,51,14,0,17,18,35,Basrah,Basrah
Basrah,194,72,46,19,0,0,18,7,25,Basrah,Basrah
Basrah,195,42,23,3,1,0,14,5,19,Basrah,Basrah
Basrah,196,22,15,2,0,0,7,6,13,Basrah,Basrah
Dahuk,176,0,0,0,0,0,0,0,0,Dahuk,Dahuk
Dahuk,177,3,3,1,0,0,1,1,2,Dahuk,Dahuk
Dahuk,178,0,0,0,0,0,0,0,0,Dahuk,Dahuk
Dahuk,179,2,2,0,0,0,2,0,2,Dahuk,Dahuk
Dahuk,180,3,3,0,0,0,3,0,3,Dahuk,Dahuk
Dahuk,181,1,1,0,0,0,1,0,1,Dahuk,Dahuk
Dahuk,182,2,2,2,0,0,0,0,0,Dahuk,Dahuk
Dahuk,183,0,0,0,0,0,0,0,0,Dahuk,Dahuk
Dahuk,184,2,2,0,0,0,2,0,2,Dahuk,Dahuk
Dahuk,185,3,3,1,0,0,2,0,2,Dahuk,Dahuk
Dahuk,186,3,3,0,0,0,2,0,2,Dahuk,Dahuk
Dahuk,187,8,7,1,0,1,3,3,6,Dahuk,Dahuk
Dahuk,188,3,1,0,0,0,1,0,1,Dahuk,Dahuk
Dahuk,189,6,4,0,0,0,2,0,2,Dahuk,Dahuk
Dahuk,190,10,8,1,1,0,2,2,4,Dahuk,Dahuk
Dahuk,191,6,5,2,0,0,0,1,1,Dahuk,Dahuk
Dahuk,192,9,9,0,0,0,1,0,1,Dahuk,Dahuk
Dahuk,193,2,2,0,0,0,1,1,2,Dahuk,Dahuk
Dahuk,194,8,7,1,1,0,3,1,4,Dahuk,Dahuk
Dahuk,195,4,2,0,1,0,1,0,1,Dahuk,Dahuk
Dahuk,196,0,0,0,0,0,0,0,0,Dahuk,Dahuk
Diyala,176,71,71,16,2,0,52,1,53,Diyala,Diyala
Diyala,177,310,310,90,20,0,194,6,200,Diyala,Diyala
Diyala,178,260,260,56,21,0,175,8,183,Diyala,Diyala
Diyala,179,445,445,139,38,0,232,1,233,Diyala,Diyala
Diyala,180,458,458,120,46,0,262,0,262,Diyala,Diyala
Diyala,181,389,388,61,11,1,289,0,289,Diyala,Diyala
Diyala,182,479,475,118,3,1,318,0,318,Diyala,Diyala
Diyala,183,405,405,75,1,3,293,0,293,Diyala,Diyala
Diyala,184,534,531,88,0,2,387,0,387,Diyala,Diyala
Diyala,185,1338,800,357,2,1,715,0,715,Diyala,Diyala
Diyala,186,1719,902,574,5,3,778,66,844,Diyala,Diyala
Diyala,187,1683,1106,488,5,8,523,217,740,Diyala,Diyala
Diyala,188,2035,1623,538,10,9,605,369,974,Diyala,Diyala
Diyala,189,2679,2108,878,49,21,629,556,1185,Diyala,Diyala
Diyala,190,1782,1315,552,149,6,461,414,875,Diyala,Diyala
Diyala,191,1197,1097,394,86,14,266,257,523,Diyala,Diyala
Diyala,192,821,788,179,16,9,171,386,557,Diyala,Diyala
Diyala,193,597,565,98,25,16,207,208,415,Diyala,Diyala
Diyala,194,643,616,75,16,7,288,224,512,Diyala,Diyala
Diyala,195,330,320,32,2,6,111,163,274,Diyala,Diyala
Diyala,196,223,217,9,1,2,90,102,192,Diyala,Diyala
Erbil,176,0,0,0,0,0,0,0,0,Erbil,Erbil
Erbil,177,4,4,2,0,0,2,0,2,Erbil,Erbil
Erbil,178,2,2,0,0,0,1,1,2,Erbil,Erbil
Erbil,179,7,7,3,1,0,1,0,1,Erbil,Erbil
Erbil,180,8,8,1,0,0,7,0,7,Erbil,Erbil
Erbil,181,3,3,1,0,1,0,0,0,Erbil,Erbil
Erbil,182,8,8,0,0,0,8,0,8,Erbil,Erbil
Erbil,183,4,4,1,0,0,3,0,3,Erbil,Erbil
Erbil,184,5,5,2,0,0,3,0,3,Erbil,Erbil
Erbil,185,3,1,0,0,0,1,0,1,Erbil,Erbil
Erbil,186,5,4,0,0,0,3,1,4,Erbil,Erbil
Erbil,187,4,3,0,0,0,3,0,3,Erbil,Erbil
Erbil,188,16,10,0,0,0,8,2,10,Erbil,Erbil
Erbil,189,14,10,3,0,2,2,5,7,Erbil,Erbil
Erbil,190,12,8,1,1,0,4,4,8,Erbil,Erbil
Erbil,191,20,17,2,1,0,8,4,12,Erbil,Erbil
Erbil,192,12,8,0,0,0,3,5,8,Erbil,Erbil
Erbil,193,6,5,0,1,0,1,3,4,Erbil,Erbil
Erbil,194,19,16,1,3,0,5,5,10,Erbil,Erbil
Erbil,195,5,5,1,0,0,0,4,4,Erbil,Erbil
Erbil,196,4,4,0,0,0,2,2,4,Erbil,Erbil
Kerbala,176,6,6,2,1,0,2,1,3,Kerbala,Kerbala
Kerbala,177,98,98,47,25,0,24,2,26,Kerbala,Kerbala
Kerbala,178,24,24,9,7,0,7,1,8,Kerbala,Kerbala
Kerbala,179,18,18,8,2,0,7,0,7,Kerbala,Kerbala
Kerbala,180,15,15,4,1,0,9,0,9,Kerbala,Kerbala
Kerbala,181,34,34,3,1,0,26,0,26,Kerbala,Kerbala
Kerbala,182,24,24,2,0,0,17,0,17,Kerbala,Kerbala
Kerbala,183,16,16,8,0,0,4,0,4,Kerbala,Kerbala
Kerbala,184,18,18,3,0,1,11,0,11,Kerbala,Kerbala
Kerbala,185,30,19,8,0,0,13,0,13,Kerbala,Kerbala
Kerbala,186,27,21,6,1,0,13,1,14,Kerbala,Kerbala
Kerbala,187,29,16,9,0,2,4,2,6,Kerbala,Kerbala
Kerbala,188,18,11,1,1,3,3,2,5,Kerbala,Kerbala
Kerbala,189,18,10,1,0,2,11,0,11,Kerbala,Kerbala
Kerbala,190,15,11,7,0,0,4,0,4,Kerbala,Kerbala
Kerbala,191,10,9,2,1,0,3,3,6,Kerbala,Kerbala
Kerbala,192,9,7,2,0,1,3,1,4,Kerbala,Kerbala
Kerbala,193,1,1,0,0,0,1,0,1,Kerbala,Kerbala
Kerbala,194,6,5,0,0,0,4,1,5,Kerbala,Kerbala
Kerbala,195,3,2,0,0,0,2,0,2,Kerbala,Kerbala
Kerbala,196,3,3,0,0,0,1,2,3,Kerbala,Kerbala
Missan,176,6,6,2,1,0,2,1,3,Missan,Missan
Missan,177,160,160,77,63,0,20,0,20,Missan,Missan
Missan,178,141,141,79,56,0,6,0,6,Missan,Missan
Missan,179,20,20,5,2,0,13,0,13,Missan,Missan
Missan,180,14,14,4,3,0,7,0,7,Missan,Missan
Missan,181,38,38,14,1,0,16,0,16,Missan,Missan
Missan,182,63,63,11,1,0,24,0,24,Missan,Missan
Missan,183,40,40,9,0,0,15,0,15,Missan,Missan
Missan,184,43,43,7,0,0,4,0,4,Missan,Missan
Missan,185,57,57,11,0,0,8,0,8,Missan,Missan
Missan,186,48,42,9,0,0,10,0,10,Missan,Missan
Missan,187,13,10,3,0,0,1,2,3,Missan,Missan
Missan,188,12,9,1,0,0,2,0,2,Missan,Missan
Missan,189,10,9,2,1,0,2,0,2,Missan,Missan
Missan,190,2,1,1,0,0,0,0,0,Missan,Missan
Missan,191,5,4,0,0,0,3,0,3,Missan,Missan
Missan,192,5,2,1,0,0,1,0,1,Missan,Missan
Missan,193,13,12,2,0,0,4,6,10,Missan,Missan
Missan,194,50,47,20,4,0,15,9,24,Missan,Missan
Missan,195,39,38,11,5,0,10,8,18,Missan,Missan
Missan,196,27,25,8,0,0,8,5,13,Missan,Missan
Muthanna,176,2,2,1,0,0,1,0,1,Muthanna,Muthanna
Muthanna,177,13,13,5,3,0,4,1,5,Muthanna,Muthanna
Muthanna,178,16,16,8,6,0,2,0,2,Muthanna,Muthanna
Muthanna,179,10,10,6,0,0,4,0,4,Muthanna,Muthanna
Muthanna,180,10,10,3,0,0,6,0,6,Muthanna,Muthanna
Muthanna,181,8,8,6,0,0,0,0,0,Muthanna,Muthanna
Muthanna,182,12,12,7,0,0,3,0,3,Muthanna,Muthanna
Muthanna,183,8,8,7,0,0,0,0,0,Muthanna,Muthanna
Muthanna,184,25,25,18,0,0,4,0,4,Muthanna,Muthanna
Muthanna,185,19,14,8,0,0,5,0,5,Muthanna,Muthanna
Muthanna,186,19,18,8,1,0,6,0,6,Muthanna,Muthanna
Muthanna,187,16,14,8,0,0,2,2,4,Muthanna,Muthanna
Muthanna,188,8,7,1,0,0,0,1,1,Muthanna,Muthanna
Muthanna,189,7,5,4,0,0,1,1,2,Muthanna,Muthanna
Muthanna,190,10,8,0,3,0,3,1,4,Muthanna,Muthanna
Muthanna,191,6,6,3,0,0,1,1,2,Muthanna,Muthanna
Muthanna,192,3,3,1,0,0,0,2,2,Muthanna,Muthanna
Muthanna,193,0,0,0,0,0,0,0,0,Muthanna,Muthanna
Muthanna,194,2,2,2,0,0,0,0,0,Muthanna,Muthanna
Muthanna,195,3,2,1,0,0,0,1,1,Muthanna,Muthanna
Muthanna,196,1,1,1,0,0,0,0,0,Muthanna,Muthanna
Najaf,176,0,0,0,0,0,0,0,0,Najaf,Najaf
Najaf,177,143,143,61,74,0,8,0,8,Najaf,Najaf
Najaf,178,54,54,31,18,0,5,0,5,Najaf,Najaf
Najaf,179,1,1,1,0,0,0,0,0,Najaf,Najaf
Najaf,180,2,2,1,0,0,1,0,1,Najaf,Najaf
Najaf,181,8,8,1,0,0,7,0,7,Najaf,Najaf
Najaf,182,3,3,3,0,0,0,0,0,Najaf,Najaf
Najaf,183,13,12,3,0,0,9,0,9,Najaf,Najaf
Najaf,184,11,11,3,0,0,6,0,6,Najaf,Najaf
Najaf,185,25,17,3,0,0,20,0,20,Najaf,Najaf
Najaf,186,24,6,1,1,0,15,0,15,Najaf,Najaf
Najaf,187,9,2,1,0,0,5,1,6,Najaf,Najaf
Najaf,188,12,8,4,0,1,2,0,2,Najaf,Najaf
Najaf,189,13,5,2,0,1,5,0,5,Najaf,Najaf
Najaf,190,19,7,6,0,0,3,1,4,Najaf,Najaf
Najaf,191,17,9,3,2,0,2,1,3,Najaf,Najaf
Najaf,192,3,2,0,1,0,0,1,1,Najaf,Najaf
Najaf,193,9,7,1,0,0,5,1,6,Najaf,Najaf
Najaf,194,1,1,0,0,0,1,0,1,Najaf,Najaf
Najaf,195,8,6,0,0,0,2,3,5,Najaf,Najaf
Najaf,196,4,4,1,0,0,1,2,3,Najaf,Najaf
Ninewa,176,131,131,80,13,0,34,2,36,Ninewa,Ninewa
Ninewa,177,418,418,148,40,0,204,26,230,Ninewa,Ninewa
Ninewa,178,339,339,147,29,0,142,21,163,Ninewa,Ninewa
Ninewa,179,708,708,235,39,0,227,0,227,Ninewa,Ninewa
Ninewa,180,1062,1062,505,9,1,397,0,397,Ninewa,Ninewa
Ninewa,181,1021,1019,380,19,0,489,0,489,Ninewa,Ninewa
Ninewa,182,914,910,462,2,3,367,0,367,Ninewa,Ninewa
Ninewa,183,757,755,378,0,1,317,0,317,Ninewa,Ninewa
Ninewa,184,708,708,169,1,3,458,0,458,Ninewa,Ninewa
Ninewa,185,953,801,201,3,1,576,0,576,Ninewa,Ninewa
Ninewa,186,1213,1066,334,3,6,624,90,714,Ninewa,Ninewa
Ninewa,187,1328,1113,366,0,17,436,272,708,Ninewa,Ninewa
Ninewa,188,1468,1302,378,4,14,564,321,885,Ninewa,Ninewa
Ninewa,189,1406,1230,430,12,8,528,277,805,Ninewa,Ninewa
Ninewa,190,1820,1663,606,51,24,677,390,1067,Ninewa,Ninewa
Ninewa,191,2106,2003,872,40,13,591,454,1045,Ninewa,Ninewa
Ninewa,192,2106,2019,782,19,9,676,514,1190,Ninewa,Ninewa
Ninewa,193,1509,1361,447,17,10,509,363,872,Ninewa,Ninewa
Ninewa,194,1485,1256,334,22,11,596,281,877,Ninewa,Ninewa
Ninewa,195,980,841,193,10,17,407,211,618,Ninewa,Ninewa
Ninewa,196,465,436,64,6,5,213,138,351,Ninewa,Ninewa
Qadissiya,176,2,2,0,0,0,2,0,2,Qadissiya,Qadissiya
Qadissiya,177,43,43,17,18,0,8,0,8,Qadissiya,Qadissiya
Qadissiya,178,4,4,1,1,0,2,0,2,Qadissiya,Qadissiya
Qadissiya,179,3,3,1,2,0,0,0,0,Qadissiya,Qadissiya
Qadissiya,180,16,16,11,0,0,5,0,5,Qadissiya,Qadissiya
Qadissiya,181,5,5,4,0,0,1,0,1,Qadissiya,Qadissiya
Qadissiya,182,14,14,2,0,0,11,0,11,Qadissiya,Qadissiya
Qadissiya,183,11,11,7,0,0,2,0,2,Qadissiya,Qadissiya
Qadissiya,184,11,11,5,0,0,4,0,4,Qadissiya,Qadissiya
Qadissiya,185,21,18,12,0,0,5,0,5,Qadissiya,Qadissiya
Qadissiya,186,125,71,33,1,0,39,1,40,Qadissiya,Qadissiya
Qadissiya,187,108,46,28,0,0,30,7,37,Qadissiya,Qadissiya
Qadissiya,188,128,75,18,2,0,32,13,45,Qadissiya,Qadissiya
Qadissiya,189,323,252,122,9,2,85,32,117,Qadissiya,Qadissiya
Qadissiya,190,181,125,56,8,1,39,4,43,Qadissiya,Qadissiya
Qadissiya,191,85,73,23,31,0,18,0,18,Qadissiya,Qadissiya
Qadissiya,192,15,13,10,0,0,2,2,4,Qadissiya,Qadissiya
Qadissiya,193,24,24,8,7,0,3,6,9,Qadissiya,Qadissiya
Qadissiya,194,17,15,12,0,0,0,1,1,Qadissiya,Qadissiya
Qadissiya,195,15,13,6,0,0,2,5,7,Qadissiya,Qadissiya
Qadissiya,196,6,5,2,0,0,1,2,3,Qadissiya,Qadissiya
Salah al-Din,176,108,108,46,6,0,53,3,56,Salah al-Din,Salah al-Din
Salah al-Din,177,487,487,213,66,0,203,5,208,Salah al-Din,Salah al-Din
Salah al-Din,178,508,508,218,49,0,235,6,241,Salah al-Din,Salah al-Din
Salah al-Din,179,1074,1074,369,66,0,481,0,481,Salah al-Din,Salah al-Din
Salah al-Din,180,1024,1024,357,41,0,508,0,508,Salah al-Din,Salah al-Din
Salah al-Din,181,883,883,236,18,0,509,0,509,Salah al-Din,Salah al-Din
Salah al-Din,182,1397,1397,330,8,1,803,0,803,Salah al-Din,Salah al-Din
Salah al-Din,183,890,890,180,1,2,546,0,546,Salah al-Din,Salah al-Din
Salah al-Din,184,1081,1080,161,0,0,705,0,705,Salah al-Din,Salah al-Din
Salah al-Din,185,1146,1063,176,1,1,743,0,743,Salah al-Din,Salah al-Din
Salah al-Din,186,1418,1287,169,3,0,825,116,941,Salah al-Din,Salah al-Din
Salah al-Din,187,1836,1623,284,4,6,689,395,1084,Salah al-Din,Salah al-Din
Salah al-Din,188,1921,1728,330,2,4,694,460,1154,Salah al-Din,Salah al-Din
Salah al-Din,189,2307,2089,374,45,8,891,483,1374,Salah al-Din,Salah al-Din
Salah al-Din,190,2216,2003,426,141,4,940,479,1419,Salah al-Din,Salah al-Din
Salah al-Din,191,1402,1361,356,81,3,509,351,860,Salah al-Din,Salah al-Din
Salah al-Din,192,947,920,216,77,7,321,267,588,Salah al-Din,Salah al-Din
Salah al-Din,193,755,729,163,84,2,222,221,443,Salah al-Din,Salah al-Din
Salah al-Din,194,547,511,109,24,1,181,174,355,Salah al-Din,Salah al-Din
Salah al-Din,195,381,360,49,13,1,118,140,258,Salah al-Din,Salah al-Din
Salah al-Din,196,239,227,36,3,0,84,67,151,Salah al-Din,Salah al-Din
Sulaymaniyah,176,0,0,0,0,0,0,0,0,Sulaymaniyah,Sulaymaniyah
Sulaymaniyah,177,0,0,0,0,0,0,0,0,Sulaymaniyah,Sulaymaniyah
Sulaymaniyah,178,1,1,0,1,0,0,0,0,Sulaymaniyah,Sulaymaniyah
Sulaymaniyah,179,5,5,1,0,0,3,0,3,Sulaymaniyah,Sulaymaniyah
Sulaymaniyah,180,4,4,1,0,0,3,0,3,Sulaymaniyah,Sulaymaniyah
Sulaymaniyah,181,4,4,0,0,0,4,0,4,Sulaymaniyah,Sulaymaniyah
Sulaymaniyah,182,2,2,0,0,0,2,0,2,Sulaymaniyah,Sulaymaniyah
Sulaymaniyah,183,1,1,0,0,0,1,0,1,Sulaymaniyah,Sulaymaniyah
Sulaymaniyah,184,2,2,1,0,0,1,0,1,Sulaymaniyah,Sulaymaniyah
Sulaymaniyah,185,2,2,1,0,0,1,0,1,Sulaymaniyah,Sulaymaniyah
Sulaymaniyah,186,8,6,1,0,0,5,0,5,Sulaymaniyah,Sulaymaniyah
Sulaymaniyah,187,1,1,0,0,0,1,0,1,Sulaymaniyah,Sulaymaniyah
Sulaymaniyah,188,6,4,2,0,0,2,0,2,Sulaymaniyah,Sulaymaniyah
Sulaymaniyah,189,10,8,3,0,0,5,1,6,Sulaymaniyah,Sulaymaniyah
Sulaymaniyah,190,28,12,9,1,0,8,0,8,Sulaymaniyah,Sulaymaniyah
Sulaymaniyah,191,34,27,6,3,0,14,2,16,Sulaymaniyah,Sulaymaniyah
Sulaymaniyah,192,6,4,2,0,0,2,0,2,Sulaymaniyah,Sulaymaniyah
Sulaymaniyah,193,2,2,0,0,0,1,1,2,Sulaymaniyah,Sulaymaniyah
Sulaymaniyah,194,6,4,1,0,0,2,1,3,Sulaymaniyah,Sulaymaniyah
Sulaymaniyah,195,3,2,0,0,0,0,2,2,Sulaymaniyah,Sulaymaniyah
Sulaymaniyah,196,2,2,0,0,0,1,1,2,Sulaymaniyah,Sulaymaniyah
Tameem,176,33,33,17,3,0,10,2,12,Tameem,Tameem
Tameem,177,88,88,43,4,0,38,3,41,Tameem,Tameem
Tameem,178,88,88,51,2,0,32,3,35,Tameem,Tameem
Tameem,179,209,209,63,9,0,92,1,93,Tameem,Tameem
Tameem,180,260,260,80,4,0,165,0,165,Tameem,Tameem
Tameem,181,387,385,89,3,0,262,0,262,Tameem,Tameem
Tameem,182,464,463,72,3,0,333,0,333,Tameem,Tameem
Tameem,183,402,399,68,0,1,296,0,296,Tameem,Tameem
Tameem,184,543,542,93,1,0,417,0,417,Tameem,Tameem
Tameem,185,540,474,103,0,1,382,0,382,Tameem,Tameem
Tameem,186,481,410,81,2,1,315,26,341,Tameem,Tameem
Tameem,187,579,500,105,3,11,222,138,360,Tameem,Tameem
Tameem,188,657,538,67,1,1,261,176,437,Tameem,Tameem
Tameem,189,836,649,105,6,2,362,170,532,Tameem,Tameem
Tameem,190,902,696,183,45,3,346,145,491,Tameem,Tameem
Tameem,191,575,540,90,38,4,207,143,350,Tameem,Tameem
Tameem,192,328,307,37,13,1,140,97,237,Tameem,Tameem
Tameem,193,299,273,35,16,1,113,93,206,Tameem,Tameem
Tameem,194,345,312,45,26,3,127,85,212,Tameem,Tameem
Tameem,195,274,250,45,10,2,86,93,179,Tameem,Tameem
Tameem,196,133,123,28,0,1,50,27,77,Tameem,Tameem
Thi-Qar,176,3,3,3,0,0,0,0,0,Thi-Qar,Thi-Qar
Thi-Qar,177,57,57,39,9,0,5,4,9,Thi-Qar,Thi-Qar
Thi-Qar,178,32,32,25,6,0,1,0,1,Thi-Qar,Thi-Qar
Thi-Qar,179,19,19,11,3,0,4,0,4,Thi-Qar,Thi-Qar
Thi-Qar,180,17,17,15,0,0,2,0,2,Thi-Qar,Thi-Qar
Thi-Qar,181,17,17,8,1,0,8,0,8,Thi-Qar,Thi-Qar
Thi-Qar,182,14,14,7,0,0,3,0,3,Thi-Qar,Thi-Qar
Thi-Qar,183,18,18,7,0,0,3,0,3,Thi-Qar,Thi-Qar
Thi-Qar,184,24,23,4,1,0,12,0,12,Thi-Qar,Thi-Qar
Thi-Qar,185,44,40,6,0,0,14,0,14,Thi-Qar,Thi-Qar
Thi-Qar,186,50,43,7,0,0,12,1,13,Thi-Qar,Thi-Qar
Thi-Qar,187,38,33,7,0,0,12,3,15,Thi-Qar,Thi-Qar
Thi-Qar,188,24,24,3,0,0,14,1,15,Thi-Qar,Thi-Qar
Thi-Qar,189,62,54,12,0,0,25,2,27,Thi-Qar,Thi-Qar
Thi-Qar,190,53,35,14,5,1,17,4,21,Thi-Qar,Thi-Qar
Thi-Qar,191,80,64,18,5,0,27,8,35,Thi-Qar,Thi-Qar
Thi-Qar,192,45,45,23,2,0,10,6,16,Thi-Qar,Thi-Qar
Thi-Qar,193,38,33,9,5,0,10,6,16,Thi-Qar,Thi-Qar
Thi-Qar,194,23,23,7,3,0,8,4,12,Thi-Qar,Thi-Qar
Thi-Qar,195,15,13,6,0,0,5,2,7,Thi-Qar,Thi-Qar
Thi-Qar,196,9,7,0,0,0,2,4,6,Thi-Qar,Thi-Qar
Wassit,176,3,3,0,0,0,3,0,3,Wassit,Wassit
Wassit,177,53,53,23,3,0,26,1,27,Wassit,Wassit
Wassit,178,29,29,9,9,0,9,2,11,Wassit,Wassit
Wassit,179,20,20,5,8,0,7,0,7,Wassit,Wassit
Wassit,180,14,14,2,4,0,8,0,8,Wassit,Wassit
Wassit,181,14,14,5,1,0,8,0,8,Wassit,Wassit
Wassit,182,14,14,3,0,0,11,0,11,Wassit,Wassit
Wassit,183,8,8,2,0,0,6,0,6,Wassit,Wassit
Wassit,184,8,8,3,0,0,5,0,5,Wassit,Wassit
Wassit,185,28,12,6,0,0,10,0,10,Wassit,Wassit
Wassit,186,123,52,17,1,0,30,4,34,Wassit,Wassit
Wassit,187,168,77,31,3,0,39,12,51,Wassit,Wassit
Wassit,188,111,57,19,2,0,21,15,36,Wassit,Wassit
Wassit,189,172,102,46,5,1,37,6,43,Wassit,Wassit
Wassit,190,101,76,44,11,0,23,0,23,Wassit,Wassit
Wassit,191,57,47,21,5,0,9,2,11,Wassit,Wassit
Wassit,192,45,44,29,4,0,3,3,6,Wassit,Wassit
Wassit,193,39,35,9,1,0,20,4,24,Wassit,Wassit
Wassit,194,23,16,4,0,0,5,6,11,Wassit,Wassit
Wassit,195,14,14,7,0,0,5,1,6,Wassit,Wassit
Wassit,196,8,8,3,0,0,3,1,4,Wassit,Wassit
