district,half,SIGACT,SIG_1,df,idf,suicide,ied_attack,ied_clear,ied_total,district_1,district_2
Abu Al-Khaseeb,88,25,25,6,5,0,14,0,14,Abu Al-Khaseeb,Abu Al-Khaseeb
Abu Al-Khaseeb,89,21,21,14,3,0,3,0,3,Abu Al-Khaseeb,Abu Al-Khaseeb
Abu Al-Khaseeb,90,7,7,2,0,0,5,0,5,Abu Al-Khaseeb,Abu Al-Khaseeb
Abu Al-Khaseeb,91,6,6,2,0,0,3,0,3,Abu Al-Khaseeb,Abu Al-Khaseeb
Abu Al-Khaseeb,92,26,23,5,0,0,4,0,4,Abu Al-Khaseeb,Abu Al-Khaseeb
Abu Al-Khaseeb,93,176,168,38,2,0,9,2,11,Abu Al-Khaseeb,Abu Al-Khaseeb
Abu Al-Khaseeb,94,369,360,78,16,0,10,0,10,Abu Al-Khaseeb,Abu Al-Khaseeb
Abu Al-Khaseeb,95,233,219,67,100,0,8,4,12,Abu Al-Khaseeb,Abu Al-Khaseeb
Abu Al-Khaseeb,96,19,16,8,1,0,3,2,5,Abu Al-Khaseeb,Abu Al-Khaseeb
Abu Al-Khaseeb,97,10,9,3,0,0,4,2,6,Abu Al-Khaseeb,Abu Al-Khaseeb
Abu Al-Khaseeb,98,3,1,0,0,0,1,0,1,Abu Al-Khaseeb,Abu Al-Khaseeb
Abu Ghraib,88,176,176,65,19,0,89,3,92,Abu Ghraib,Abu Ghraib
Abu Ghraib,89,569,569,133,64,0,329,2,331,Abu Ghraib,Abu Ghraib
Abu Ghraib,90,800,800,167,34,0,527,0,527,Abu Ghraib,Abu Ghraib
Abu Ghraib,91,540,540,115,6,0,349,0,349,Abu Ghraib,Abu Ghraib
Abu Ghraib,92,993,969,280,3,0,613,0,613,Abu Ghraib,Abu Ghraib
Abu Ghraib,93,1135,1016,345,8,0,427,186,613,Abu Ghraib,Abu Ghraib
Abu Ghraib,94,1055,956,388,5,8,267,271,538,Abu Ghraib,Abu Ghraib
Abu Ghraib,95,417,391,108,11,1,110,161,271,Abu Ghraib,Abu Ghraib
Abu Ghraib,96,207,204,34,3,0,77,79,156,Abu Ghraib,Abu Ghraib
Abu Ghraib,97,193,190,15,1,3,81,80,161,Abu Ghraib,Abu Ghraib
Abu Ghraib,98,41,41,0,0,0,24,15,39,Abu Ghraib,Abu Ghraib
Adhamiya,88,114,114,37,17,0,56,4,60,Adhamiya,Adhamiya
Adhamiya,89,183,183,65,49,0,56,3,59,Adhamiya,Adhamiya
Adhamiya,90,103,103,43,6,3,46,0,46,Adhamiya,Adhamiya
Adhamiya,91,124,123,42,2,0,66,0,66,Adhamiya,Adhamiya
Adhamiya,92,485,316,137,3,0,208,0,208,Adhamiya,Adhamiya
Adhamiya,93,1360,628,311,7,7,356,20,376,Adhamiya,Adhamiya
Adhamiya,94,1225,768,322,24,7,294,91,385,Adhamiya,Adhamiya
Adhamiya,95,848,622,217,60,1,229,121,350,Adhamiya,Adhamiya
Adhamiya,96,462,413,123,19,1,181,83,264,Adhamiya,Adhamiya
Adhamiya,97,258,241,46,7,1,116,65,181,Adhamiya,Adhamiya
Adhamiya,98,57,52,8,1,0,25,15,40,Adhamiya,Adhamiya
Afaq,88,1,1,1,0,0,0,0,0,Afaq,Afaq
Afaq,89,0,0,0,0,0,0,0,0,Afaq,Afaq
Afaq,90,4,4,2,0,0,2,0,2,Afaq,Afaq
Afaq,91,0,0,0,0,0,0,0,0,Afaq,Afaq
Afaq,92,4,4,2,0,0,2,0,2,Afaq,Afaq
Afaq,93,22,16,5,0,0,12,0,12,Afaq,Afaq
Afaq,94,38,23,4,2,2,9,8,17,Afaq,Afaq
Afaq,95,46,29,17,2,1,13,0,13,Afaq,Afaq
Afaq,96,1,1,1,0,0,0,0,0,Afaq,Afaq
Afaq,97,4,3,2,0,0,1,0,1,Afaq,Afaq
Afaq,98,0,0,0,0,0,0,0,0,Afaq,Afaq
Ain Al-Tamur,88,1,1,0,0,0,1,0,1,Ain Al-Tamur,Ain Al-Tamur
Ain Al-Tamur,89,1,1,0,0,0,0,0,0,Ain Al-Tamur,Ain Al-Tamur
Ain Al-Tamur,90,3,3,0,0,0,1,0,1,Ain Al-Tamur,Ain Al-Tamur
Ain Al-Tamur,91,4,4,1,0,0,1,0,1,Ain Al-Tamur,Ain Al-Tamur
Ain Al-Tamur,92,12,12,6,0,0,5,0,5,Ain Al-Tamur,Ain Al-Tamur
Ain Al-Tamur,93,18,17,7,0,0,6,2,8,Ain Al-Tamur,Ain Al-Tamur
Ain Al-Tamur,94,4,2,0,0,2,0,2,2,Ain Al-Tamur,Ain Al-Tamur
Ain Al-Tamur,95,1,0,0,0,0,0,0,0,Ain Al-Tamur,Ain Al-Tamur
Ain Al-Tamur,96,0,0,0,0,0,0,0,0,Ain Al-Tamur,Ain Al-Tamur
Ain Al-Tamur,97,0,0,0,0,0,0,0,0,Ain Al-Tamur,Ain Al-Tamur
Ain Al-Tamur,98,0,0,0,0,0,0,0,0,Ain Al-Tamur,Ain Al-Tamur
Akre,88,1,1,0,0,0,1,0,1,Akre,Akre
Akre,89,0,0,0,0,0,0,0,0,Akre,Akre
Akre,90,2,2,2,0,0,0,0,0,Akre,Akre
Akre,91,0,0,0,0,0,0,0,0,Akre,Akre
Akre,92,5,5,0,0,0,5,0,5,Akre,Akre
Akre,93,4,4,1,0,0,2,0,2,Akre,Akre
Akre,94,2,2,0,0,0,0,2,2,Akre,Akre
Akre,95,5,4,1,1,0,2,0,2,Akre,Akre
Akre,96,1,1,0,0,0,1,0,1,Akre,Akre
Akre,97,13,12,0,1,0,6,4,10,Akre,Akre
Akre,98,1,1,0,0,0,0,1,1,Akre,Akre
Al Resafa,88,112,112,46,14,0,48,4,52,Al Resafa,Al Resafa
Al Resafa,89,171,171,80,29,0,57,1,58,Al Resafa,Al Resafa
Al Resafa,90,173,173,64,6,0,96,0,96,Al Resafa,Al Resafa
Al Resafa,91,145,144,32,0,3,96,0,96,Al Resafa,Al Resafa
Al Resafa,92,292,216,47,0,3,189,0,189,Al Resafa,Al Resafa
Al Resafa,93,899,447,186,1,9,329,24,353,Al Resafa,Al Resafa
Al Resafa,94,857,442,206,38,16,254,60,314,Al Resafa,Al Resafa
Al Resafa,95,812,501,233,47,3,242,61,303,Al Resafa,Al Resafa
Al Resafa,96,428,379,137,35,3,151,46,197,Al Resafa,Al Resafa
Al Resafa,97,346,300,45,6,6,172,70,242,Al Resafa,Al Resafa
Al Resafa,98,53,50,10,3,0,27,10,37,Al Resafa,Al Resafa
Al Sadr,88,355,355,142,97,0,113,3,116,Al Sadr,Al Sadr
Al Sadr,89,576,576,217,163,0,193,0,193,Al Sadr,Al Sadr
Al Sadr,90,211,211,131,4,0,76,0,76,Al Sadr,Al Sadr
Al Sadr,91,185,181,70,2,1,96,0,96,Al Sadr,Al Sadr
Al Sadr,92,364,234,62,2,2,173,0,173,Al Sadr,Al Sadr
Al Sadr,93,1105,484,162,2,6,264,36,300,Al Sadr,Al Sadr
Al Sadr,94,1062,778,196,37,8,369,113,482,Al Sadr,Al Sadr
Al Sadr,95,939,756,307,127,4,279,82,361,Al Sadr,Al Sadr
Al Sadr,96,1423,1373,594,124,3,398,238,636,Al Sadr,Al Sadr
Al Sadr,97,244,226,40,9,1,106,63,169,Al Sadr,Al Sadr
Al Sadr,98,44,40,7,2,0,20,10,30,Al Sadr,Al Sadr
Al-Ba'aj,88,3,3,1,0,0,2,0,2,Al-Ba'aj,Al-Ba'aj
Al-Ba'aj,89,1,1,1,0,0,0,0,0,Al-Ba'aj,Al-Ba'aj
Al-Ba'aj,90,6,6,3,0,0,2,0,2,Al-Ba'aj,Al-Ba'aj
Al-Ba'aj,91,17,17,1,0,0,11,0,11,Al-Ba'aj,Al-Ba'aj
Al-Ba'aj,92,17,17,0,0,0,11,0,11,Al-Ba'aj,Al-Ba'aj
Al-Ba'aj,93,8,6,2,0,0,3,1,4,Al-Ba'aj,Al-Ba'aj
Al-Ba'aj,94,8,4,2,1,0,0,1,1,Al-Ba'aj,Al-Ba'aj
Al-Ba'aj,95,28,28,3,1,1,14,8,22,Al-Ba'aj,Al-Ba'aj
Al-Ba'aj,96,28,27,6,1,1,13,6,19,Al-Ba'aj,Al-Ba'aj
Al-Ba'aj,97,13,11,3,2,1,2,1,3,Al-Ba'aj,Al-Ba'aj
Al-Ba'aj,98,1,1,0,0,0,0,0,0,Al-Ba'aj,Al-Ba'aj
Al-Chibayish,88,4,4,3,1,0,0,0,0,Al-Chibayish,Al-Chibayish
Al-Chibayish,89,6,6,6,0,0,0,0,0,Al-Chibayish,Al-Chibayish
Al-Chibayish,90,6,6,6,0,0,0,0,0,Al-Chibayish,Al-Chibayish
Al-Chibayish,91,3,3,3,0,0,0,0,0,Al-Chibayish,Al-Chibayish
Al-Chibayish,92,1,1,1,0,0,0,0,0,Al-Chibayish,Al-Chibayish
Al-Chibayish,93,12,11,1,0,0,9,2,11,Al-Chibayish,Al-Chibayish
Al-Chibayish,94,17,17,0,0,0,12,1,13,Al-Chibayish,Al-Chibayish
Al-Chibayish,95,11,8,0,0,0,7,2,9,Al-Chibayish,Al-Chibayish
Al-Chibayish,96,21,16,1,0,0,8,6,14,Al-Chibayish,Al-Chibayish
Al-Chibayish,97,4,3,0,0,0,2,1,3,Al-Chibayish,Al-Chibayish
Al-Chibayish,98,3,2,0,0,0,1,1,2,Al-Chibayish,Al-Chibayish
Al-Daur,88,136,136,59,23,0,54,0,54,Al-Daur,Al-Daur
Al-Daur,89,491,491,233,34,0,186,2,188,Al-Daur,Al-Daur
Al-Daur,90,700,700,309,21,0,306,0,306,Al-Daur,Al-Daur
Al-Daur,91,620,620,263,1,2,240,0,240,Al-Daur,Al-Daur
Al-Daur,92,367,353,106,0,0,189,0,189,Al-Daur,Al-Daur
Al-Daur,93,377,299,93,3,2,118,32,150,Al-Daur,Al-Daur
Al-Daur,94,581,538,239,5,3,144,69,213,Al-Daur,Al-Daur
Al-Daur,95,575,538,234,24,0,151,84,235,Al-Daur,Al-Daur
Al-Daur,96,213,200,74,2,4,72,45,117,Al-Daur,Al-Daur
Al-Daur,97,127,117,28,2,0,44,35,79,Al-Daur,Al-Daur
Al-Daur,98,59,56,7,1,0,28,12,40,Al-Daur,Al-Daur
Al-Hai,88,0,0,0,0,0,0,0,0,Al-Hai,Al-Hai
Al-Hai,89,1,1,0,0,0,1,0,1,Al-Hai,Al-Hai
Al-Hai,90,0,0,0,0,0,0,0,0,Al-Hai,Al-Hai
Al-Hai,91,0,0,0,0,0,0,0,0,Al-Hai,Al-Hai
Al-Hai,92,0,0,0,0,0,0,0,0,Al-Hai,Al-Hai
Al-Hai,93,2,1,1,0,0,0,0,0,Al-Hai,Al-Hai
Al-Hai,94,4,1,1,0,0,2,1,3,Al-Hai,Al-Hai
Al-Hai,95,3,3,1,0,0,2,0,2,Al-Hai,Al-Hai
Al-Hai,96,4,4,1,0,0,3,0,3,Al-Hai,Al-Hai
Al-Hai,97,2,2,2,0,0,0,0,0,Al-Hai,Al-Hai
Al-Hai,98,0,0,0,0,0,0,0,0,Al-Hai,Al-Hai
Al-Hamdaniya,88,210,210,108,19,0,79,4,83,Al-Hamdaniya,Al-Hamdaniya
Al-Hamdaniya,89,344,344,122,22,0,116,8,124,Al-Hamdaniya,Al-Hamdaniya
Al-Hamdaniya,90,870,870,380,12,1,372,0,372,Al-Hamdaniya,Al-Hamdaniya
Al-Hamdaniya,91,767,763,433,0,0,279,0,279,Al-Hamdaniya,Al-Hamdaniya
Al-Hamdaniya,92,739,666,192,2,0,459,0,459,Al-Hamdaniya,Al-Hamdaniya
Al-Hamdaniya,93,997,848,321,0,2,387,142,529,Al-Hamdaniya,Al-Hamdaniya
Al-Hamdaniya,94,1126,978,384,8,3,367,210,577,Al-Hamdaniya,Al-Hamdaniya
Al-Hamdaniya,95,1448,1339,641,23,15,424,260,684,Al-Hamdaniya,Al-Hamdaniya
Al-Hamdaniya,96,1312,1198,464,11,7,438,270,708,Al-Hamdaniya,Al-Hamdaniya
Al-Hamdaniya,97,1027,835,177,16,5,447,182,629,Al-Hamdaniya,Al-Hamdaniya
Al-Hamdaniya,98,168,157,18,3,1,81,49,130,Al-Hamdaniya,Al-Hamdaniya
Al-Hawiga,88,41,41,17,2,0,22,0,22,Al-Hawiga,Al-Hawiga
Al-Hawiga,89,105,105,42,1,0,45,0,45,Al-Hawiga,Al-Hawiga
Al-Hawiga,90,283,283,69,2,0,199,0,199,Al-Hawiga,Al-Hawiga
Al-Hawiga,91,428,426,82,3,0,300,0,300,Al-Hawiga,Al-Hawiga
Al-Hawiga,92,556,524,129,1,0,379,0,379,Al-Hawiga,Al-Hawiga
Al-Hawiga,93,496,462,124,4,2,210,81,291,Al-Hawiga,Al-Hawiga
Al-Hawiga,94,623,560,104,5,1,220,145,365,Al-Hawiga,Al-Hawiga
Al-Hawiga,95,660,584,161,49,2,201,121,322,Al-Hawiga,Al-Hawiga
Al-Hawiga,96,107,105,20,3,1,32,45,77,Al-Hawiga,Al-Hawiga
Al-Hawiga,97,112,111,12,10,0,31,45,76,Al-Hawiga,Al-Hawiga
Al-Hawiga,98,37,36,7,0,0,11,11,22,Al-Hawiga,Al-Hawiga
Al-Hindiya,88,18,18,8,1,0,7,2,9,Al-Hindiya,Al-Hindiya
Al-Hindiya,89,13,13,5,2,0,5,1,6,Al-Hindiya,Al-Hindiya
Al-Hindiya,90,21,21,4,1,0,16,0,16,Al-Hindiya,Al-Hindiya
Al-Hindiya,91,21,21,5,0,0,16,0,16,Al-Hindiya,Al-Hindiya
Al-Hindiya,92,15,14,2,0,0,13,0,13,Al-Hindiya,Al-Hindiya
Al-Hindiya,93,17,11,3,0,0,8,0,8,Al-Hindiya,Al-Hindiya
Al-Hindiya,94,8,7,1,0,1,5,0,5,Al-Hindiya,Al-Hindiya
Al-Hindiya,95,10,9,5,0,0,4,1,5,Al-Hindiya,Al-Hindiya
Al-Hindiya,96,1,1,0,0,0,1,0,1,Al-Hindiya,Al-Hindiya
Al-Hindiya,97,2,0,0,0,0,0,0,0,Al-Hindiya,Al-Hindiya
Al-Hindiya,98,1,1,0,0,0,0,1,1,Al-Hindiya,Al-Hindiya
Al-Ka'im,88,63,63,12,6,0,45,0,45,Al-Ka'im,Al-Ka'im
Al-Ka'im,89,175,175,62,33,0,58,0,58,Al-Ka'im,Al-Ka'im
Al-Ka'im,90,233,233,55,10,0,68,0,68,Al-Ka'im,Al-Ka'im
Al-Ka'im,91,458,458,148,0,0,207,0,207,Al-Ka'im,Al-Ka'im
Al-Ka'im,92,174,169,24,0,2,133,0,133,Al-Ka'im,Al-Ka'im
Al-Ka'im,93,241,235,29,2,8,85,68,153,Al-Ka'im,Al-Ka'im
Al-Ka'im,94,124,108,9,0,1,23,85,108,Al-Ka'im,Al-Ka'im
Al-Ka'im,95,51,48,5,0,1,7,34,41,Al-Ka'im,Al-Ka'im
Al-Ka'im,96,33,32,3,0,0,8,17,25,Al-Ka'im,Al-Ka'im
Al-Ka'im,97,14,13,2,1,0,5,4,9,Al-Ka'im,Al-Ka'im
Al-Ka'im,98,7,7,2,0,0,3,1,4,Al-Ka'im,Al-Ka'im
Al-Kahla,88,2,2,0,2,0,0,0,0,Al-Kahla,Al-Kahla
Al-Kahla,89,1,1,0,1,0,0,0,0,Al-Kahla,Al-Kahla
Al-Kahla,90,1,1,0,0,0,1,0,1,Al-Kahla,Al-Kahla
Al-Kahla,91,0,0,0,0,0,0,0,0,Al-Kahla,Al-Kahla
Al-Kahla,92,0,0,0,0,0,0,0,0,Al-Kahla,Al-Kahla
Al-Kahla,93,1,1,0,0,0,0,0,0,Al-Kahla,Al-Kahla
Al-Kahla,94,2,1,1,0,0,0,0,0,Al-Kahla,Al-Kahla
Al-Kahla,95,0,0,0,0,0,0,0,0,Al-Kahla,Al-Kahla
Al-Kahla,96,0,0,0,0,0,0,0,0,Al-Kahla,Al-Kahla
Al-Kahla,97,0,0,0,0,0,0,0,0,Al-Kahla,Al-Kahla
Al-Kahla,98,0,0,0,0,0,0,0,0,Al-Kahla,Al-Kahla
Al-Khalis,88,19,19,7,2,0,10,0,10,Al-Khalis,Al-Khalis
Al-Khalis,89,67,67,20,4,0,41,1,42,Al-Khalis,Al-Khalis
Al-Khalis,90,84,84,20,4,0,55,0,55,Al-Khalis,Al-Khalis
Al-Khalis,91,88,88,24,0,0,55,0,55,Al-Khalis,Al-Khalis
Al-Khalis,92,162,126,38,0,0,86,0,86,Al-Khalis,Al-Khalis
Al-Khalis,93,235,126,69,2,3,77,15,92,Al-Khalis,Al-Khalis
Al-Khalis,94,269,163,61,4,6,63,28,91,Al-Khalis,Al-Khalis
Al-Khalis,95,212,142,59,31,1,51,31,82,Al-Khalis,Al-Khalis
Al-Khalis,96,42,40,16,1,0,6,17,23,Al-Khalis,Al-Khalis
Al-Khalis,97,44,37,9,0,0,15,12,27,Al-Khalis,Al-Khalis
Al-Khalis,98,8,8,0,0,0,8,0,8,Al-Khalis,Al-Khalis
Al-Khidhir,88,0,0,0,0,0,0,0,0,Al-Khidhir,Al-Khidhir
Al-Khidhir,89,3,3,2,1,0,0,0,0,Al-Khidhir,Al-Khidhir
Al-Khidhir,90,1,1,1,0,0,0,0,0,Al-Khidhir,Al-Khidhir
Al-Khidhir,91,1,1,1,0,0,0,0,0,Al-Khidhir,Al-Khidhir
Al-Khidhir,92,7,6,4,0,0,2,0,2,Al-Khidhir,Al-Khidhir
Al-Khidhir,93,3,2,2,0,0,1,0,1,Al-Khidhir,Al-Khidhir
Al-Khidhir,94,3,3,0,0,0,0,1,1,Al-Khidhir,Al-Khidhir
Al-Khidhir,95,0,0,0,0,0,0,0,0,Al-Khidhir,Al-Khidhir
Al-Khidhir,96,0,0,0,0,0,0,0,0,Al-Khidhir,Al-Khidhir
Al-Khidhir,97,0,0,0,0,0,0,0,0,Al-Khidhir,Al-Khidhir
Al-Khidhir,98,1,1,1,0,0,0,0,0,Al-Khidhir,Al-Khidhir
Al-Mahawil,88,112,112,25,14,0,66,7,73,Al-Mahawil,Al-Mahawil
Al-Mahawil,89,180,180,49,35,0,86,1,87,Al-Mahawil,Al-Mahawil
Al-Mahawil,90,181,181,38,10,1,102,0,102,Al-Mahawil,Al-Mahawil
Al-Mahawil,91,99,99,20,0,2,63,0,63,Al-Mahawil,Al-Mahawil
Al-Mahawil,92,151,143,23,0,0,113,0,113,Al-Mahawil,Al-Mahawil
Al-Mahawil,93,394,280,60,1,1,193,38,231,Al-Mahawil,Al-Mahawil
Al-Mahawil,94,560,377,127,16,2,171,52,223,Al-Mahawil,Al-Mahawil
Al-Mahawil,95,380,277,123,22,1,106,53,159,Al-Mahawil,Al-Mahawil
Al-Mahawil,96,100,96,19,8,2,27,39,66,Al-Mahawil,Al-Mahawil
Al-Mahawil,97,93,90,16,1,1,43,27,70,Al-Mahawil,Al-Mahawil
Al-Mahawil,98,22,19,3,0,0,6,8,14,Al-Mahawil,Al-Mahawil
Al-Maimouna,88,16,16,6,10,0,0,0,0,Al-Maimouna,Al-Maimouna
Al-Maimouna,89,24,24,7,17,0,0,0,0,Al-Maimouna,Al-Maimouna
Al-Maimouna,90,15,15,6,2,0,2,0,2,Al-Maimouna,Al-Maimouna
Al-Maimouna,91,14,14,3,0,0,0,0,0,Al-Maimouna,Al-Maimouna
Al-Maimouna,92,19,19,4,0,0,0,0,0,Al-Maimouna,Al-Maimouna
Al-Maimouna,93,12,12,2,0,0,5,1,6,Al-Maimouna,Al-Maimouna
Al-Maimouna,94,0,0,0,0,0,0,0,0,Al-Maimouna,Al-Maimouna
Al-Maimouna,95,1,1,1,0,0,0,0,0,Al-Maimouna,Al-Maimouna
Al-Maimouna,96,1,1,0,0,0,1,0,1,Al-Maimouna,Al-Maimouna
Al-Maimouna,97,6,6,3,0,0,2,1,3,Al-Maimouna,Al-Maimouna
Al-Maimouna,98,1,1,0,0,0,1,0,1,Al-Maimouna,Al-Maimouna
Al-Manathera,88,2,2,0,0,0,2,0,2,Al-Manathera,Al-Manathera
Al-Manathera,89,0,0,0,0,0,0,0,0,Al-Manathera,Al-Manathera
Al-Manathera,90,0,0,0,0,0,0,0,0,Al-Manathera,Al-Manathera
Al-Manathera,91,2,2,2,0,0,0,0,0,Al-Manathera,Al-Manathera
Al-Manathera,92,2,2,0,0,0,2,0,2,Al-Manathera,Al-Manathera
Al-Manathera,93,1,0,0,0,0,1,0,1,Al-Manathera,Al-Manathera
Al-Manathera,94,3,1,0,0,0,2,0,2,Al-Manathera,Al-Manathera
Al-Manathera,95,0,0,0,0,0,0,0,0,Al-Manathera,Al-Manathera
Al-Manathera,96,2,2,0,0,0,2,0,2,Al-Manathera,Al-Manathera
Al-Manathera,97,2,2,0,0,0,1,1,2,Al-Manathera,Al-Manathera
Al-Manathera,98,0,0,0,0,0,0,0,0,Al-Manathera,Al-Manathera
Al-Mejar Al-Kabi,88,11,11,2,3,0,6,0,6,Al-Mejar Al-Kabi,Al-Mejar Al-Kabi
Al-Mejar Al-Kabi,89,9,9,4,0,0,5,0,5,Al-Mejar Al-Kabi,Al-Mejar Al-Kabi
Al-Mejar Al-Kabi,90,5,5,1,0,0,4,0,4,Al-Mejar Al-Kabi,Al-Mejar Al-Kabi
Al-Mejar Al-Kabi,91,11,11,4,0,0,6,0,6,Al-Mejar Al-Kabi,Al-Mejar Al-Kabi
Al-Mejar Al-Kabi,92,5,5,3,0,0,1,0,1,Al-Mejar Al-Kabi,Al-Mejar Al-Kabi
Al-Mejar Al-Kabi,93,11,10,0,0,0,4,0,4,Al-Mejar Al-Kabi,Al-Mejar Al-Kabi
Al-Mejar Al-Kabi,94,5,5,0,0,0,0,0,0,Al-Mejar Al-Kabi,Al-Mejar Al-Kabi
Al-Mejar Al-Kabi,95,0,0,0,0,0,0,0,0,Al-Mejar Al-Kabi,Al-Mejar Al-Kabi
Al-Mejar Al-Kabi,96,1,1,0,0,0,1,0,1,Al-Mejar Al-Kabi,Al-Mejar Al-Kabi
Al-Mejar Al-Kabi,97,33,33,11,6,0,6,8,14,Al-Mejar Al-Kabi,Al-Mejar Al-Kabi
Al-Mejar Al-Kabi,98,9,9,3,0,0,2,1,3,Al-Mejar Al-Kabi,Al-Mejar Al-Kabi
Al-Midaina,88,11,11,9,1,0,1,0,1,Al-Midaina,Al-Midaina
Al-Midaina,89,4,4,3,0,0,1,0,1,Al-Midaina,Al-Midaina
Al-Midaina,90,1,1,0,0,0,1,0,1,Al-Midaina,Al-Midaina
Al-Midaina,91,2,2,1,0,0,1,0,1,Al-Midaina,Al-Midaina
Al-Midaina,92,5,3,2,0,0,3,0,3,Al-Midaina,Al-Midaina
Al-Midaina,93,4,3,3,0,0,0,0,0,Al-Midaina,Al-Midaina
Al-Midaina,94,14,14,8,0,0,2,3,5,Al-Midaina,Al-Midaina
Al-Midaina,95,6,3,0,0,0,3,0,3,Al-Midaina,Al-Midaina
Al-Midaina,96,2,2,0,0,0,2,0,2,Al-Midaina,Al-Midaina
Al-Midaina,97,0,0,0,0,0,0,0,0,Al-Midaina,Al-Midaina
Al-Midaina,98,0,0,0,0,0,0,0,0,Al-Midaina,Al-Midaina
Al-Muqdadiya,88,241,241,63,12,0,163,3,166,Al-Muqdadiya,Al-Muqdadiya
Al-Muqdadiya,89,398,398,109,39,0,223,5,228,Al-Muqdadiya,Al-Muqdadiya
Al-Muqdadiya,90,503,502,116,40,1,311,0,311,Al-Muqdadiya,Al-Muqdadiya
Al-Muqdadiya,91,498,495,120,4,3,336,0,336,Al-Muqdadiya,Al-Muqdadiya
Al-Muqdadiya,92,1132,794,284,2,3,672,0,672,Al-Muqdadiya,Al-Muqdadiya
Al-Muqdadiya,93,2106,1227,782,4,7,733,146,879,Al-Muqdadiya,Al-Muqdadiya
Al-Muqdadiya,94,3193,2652,1095,26,12,716,671,1387,Al-Muqdadiya,Al-Muqdadiya
Al-Muqdadiya,95,1590,1327,549,115,16,333,399,732,Al-Muqdadiya,Al-Muqdadiya
Al-Muqdadiya,96,701,665,154,14,13,196,271,467,Al-Muqdadiya,Al-Muqdadiya
Al-Muqdadiya,97,366,349,44,8,10,144,141,285,Al-Muqdadiya,Al-Muqdadiya
Al-Muqdadiya,98,79,75,4,0,0,28,37,65,Al-Muqdadiya,Al-Muqdadiya
Al-Musayab,88,87,87,25,6,0,54,2,56,Al-Musayab,Al-Musayab
Al-Musayab,89,109,109,18,14,0,70,0,70,Al-Musayab,Al-Musayab
Al-Musayab,90,153,153,20,3,1,111,0,111,Al-Musayab,Al-Musayab
Al-Musayab,91,165,165,29,1,1,118,0,118,Al-Musayab,Al-Musayab
Al-Musayab,92,180,162,17,3,0,140,0,140,Al-Musayab,Al-Musayab
Al-Musayab,93,327,268,73,1,2,126,53,179,Al-Musayab,Al-Musayab
Al-Musayab,94,292,236,75,7,5,89,64,153,Al-Musayab,Al-Musayab
Al-Musayab,95,151,127,49,33,1,24,27,51,Al-Musayab,Al-Musayab
Al-Musayab,96,56,51,4,4,0,9,33,42,Al-Musayab,Al-Musayab
Al-Musayab,97,48,42,4,2,1,15,18,33,Al-Musayab,Al-Musayab
Al-Musayab,98,10,10,1,1,1,2,5,7,Al-Musayab,Al-Musayab
Al-Na'maniya,88,1,1,0,0,0,1,0,1,Al-Na'maniya,Al-Na'maniya
Al-Na'maniya,89,1,1,1,0,0,0,0,0,Al-Na'maniya,Al-Na'maniya
Al-Na'maniya,90,0,0,0,0,0,0,0,0,Al-Na'maniya,Al-Na'maniya
Al-Na'maniya,91,0,0,0,0,0,0,0,0,Al-Na'maniya,Al-Na'maniya
Al-Na'maniya,92,2,2,0,0,0,2,0,2,Al-Na'maniya,Al-Na'maniya
Al-Na'maniya,93,4,3,0,0,0,2,0,2,Al-Na'maniya,Al-Na'maniya
Al-Na'maniya,94,1,0,0,0,0,1,0,1,Al-Na'maniya,Al-Na'maniya
Al-Na'maniya,95,1,1,0,0,0,1,0,1,Al-Na'maniya,Al-Na'maniya
Al-Na'maniya,96,1,1,0,0,0,1,0,1,Al-Na'maniya,Al-Na'maniya
Al-Na'maniya,97,1,0,0,0,0,0,0,0,Al-Na'maniya,Al-Na'maniya
Al-Na'maniya,98,1,1,0,0,0,0,1,1,Al-Na'maniya,Al-Na'maniya
Al-Qurna,88,6,6,6,0,0,0,0,0,Al-Qurna,Al-Qurna
Al-Qurna,89,3,3,2,1,0,0,0,0,Al-Qurna,Al-Qurna
Al-Qurna,90,2,2,1,0,0,1,0,1,Al-Qurna,Al-Qurna
Al-Qurna,91,4,3,2,0,0,1,0,1,Al-Qurna,Al-Qurna
Al-Qurna,92,3,2,0,0,0,2,0,2,Al-Qurna,Al-Qurna
Al-Qurna,93,12,10,8,0,0,4,0,4,Al-Qurna,Al-Qurna
Al-Qurna,94,12,11,10,0,0,1,1,2,Al-Qurna,Al-Qurna
Al-Qurna,95,4,2,0,0,0,3,0,3,Al-Qurna,Al-Qurna
Al-Qurna,96,7,7,1,0,0,3,2,5,Al-Qurna,Al-Qurna
Al-Qurna,97,1,1,0,0,0,0,1,1,Al-Qurna,Al-Qurna
Al-Qurna,98,1,1,0,0,0,0,1,1,Al-Qurna,Al-Qurna
Al-Rifa'i,88,3,3,3,0,0,0,0,0,Al-Rifa'i,Al-Rifa'i
Al-Rifa'i,89,3,3,3,0,0,0,0,0,Al-Rifa'i,Al-Rifa'i
Al-Rifa'i,90,2,2,1,0,0,1,0,1,Al-Rifa'i,Al-Rifa'i
Al-Rifa'i,91,1,1,1,0,0,0,0,0,Al-Rifa'i,Al-Rifa'i
Al-Rifa'i,92,6,6,2,1,0,2,0,2,Al-Rifa'i,Al-Rifa'i
Al-Rifa'i,93,7,3,4,0,0,1,0,1,Al-Rifa'i,Al-Rifa'i
Al-Rifa'i,94,15,10,5,0,0,8,0,8,Al-Rifa'i,Al-Rifa'i
Al-Rifa'i,95,56,39,18,1,1,15,6,21,Al-Rifa'i,Al-Rifa'i
Al-Rifa'i,96,0,0,0,0,0,0,0,0,Al-Rifa'i,Al-Rifa'i
Al-Rifa'i,97,3,3,2,0,0,1,0,1,Al-Rifa'i,Al-Rifa'i
Al-Rifa'i,98,0,0,0,0,0,0,0,0,Al-Rifa'i,Al-Rifa'i
Al-Rumaitha,88,5,5,3,0,0,1,1,2,Al-Rumaitha,Al-Rumaitha
Al-Rumaitha,89,8,8,5,2,0,1,0,1,Al-Rumaitha,Al-Rumaitha
Al-Rumaitha,90,7,7,1,0,0,6,0,6,Al-Rumaitha,Al-Rumaitha
Al-Rumaitha,91,2,2,2,0,0,0,0,0,Al-Rumaitha,Al-Rumaitha
Al-Rumaitha,92,5,3,2,0,0,1,0,1,Al-Rumaitha,Al-Rumaitha
Al-Rumaitha,93,10,10,4,0,0,4,2,6,Al-Rumaitha,Al-Rumaitha
Al-Rumaitha,94,6,4,2,0,0,1,0,1,Al-Rumaitha,Al-Rumaitha
Al-Rumaitha,95,8,6,2,1,0,1,1,2,Al-Rumaitha,Al-Rumaitha
Al-Rumaitha,96,1,1,0,0,0,0,1,1,Al-Rumaitha,Al-Rumaitha
Al-Rumaitha,97,4,4,3,0,0,0,1,1,Al-Rumaitha,Al-Rumaitha
Al-Rumaitha,98,0,0,0,0,0,0,0,0,Al-Rumaitha,Al-Rumaitha
Al-Rutba,88,8,8,3,1,0,4,0,4,Al-Rutba,Al-Rutba
Al-Rutba,89,54,54,16,1,0,33,0,33,Al-Rutba,Al-Rutba
Al-Rutba,90,126,126,11,6,0,86,0,86,Al-Rutba,Al-Rutba
Al-Rutba,91,163,163,14,0,0,127,0,127,Al-Rutba,Al-Rutba
Al-Rutba,92,66,63,11,0,0,53,0,53,Al-Rutba,Al-Rutba
Al-Rutba,93,177,169,59,2,3,74,13,87,Al-Rutba,Al-Rutba
Al-Rutba,94,82,75,24,0,0,18,31,49,Al-Rutba,Al-Rutba
Al-Rutba,95,59,54,15,1,2,19,17,36,Al-Rutba,Al-Rutba
Al-Rutba,96,52,52,12,1,2,19,13,32,Al-Rutba,Al-Rutba
Al-Rutba,97,19,19,5,0,0,7,6,13,Al-Rutba,Al-Rutba
Al-Rutba,98,2,2,0,0,0,0,1,1,Al-Rutba,Al-Rutba
Al-Salman,88,0,0,0,0,0,0,0,0,Al-Salman,Al-Salman
Al-Salman,89,3,3,3,0,0,0,0,0,Al-Salman,Al-Salman
Al-Salman,90,2,2,2,0,0,0,0,0,Al-Salman,Al-Salman
Al-Salman,91,3,3,2,0,0,1,0,1,Al-Salman,Al-Salman
Al-Salman,92,0,0,0,0,0,0,0,0,Al-Salman,Al-Salman
Al-Salman,93,2,1,0,0,0,1,0,1,Al-Salman,Al-Salman
Al-Salman,94,2,2,0,0,0,0,1,1,Al-Salman,Al-Salman
Al-Salman,95,6,6,1,1,0,2,1,3,Al-Salman,Al-Salman
Al-Salman,96,2,2,1,0,0,0,1,1,Al-Salman,Al-Salman
Al-Salman,97,1,0,0,0,0,0,0,0,Al-Salman,Al-Salman
Al-Salman,98,0,0,0,0,0,0,0,0,Al-Salman,Al-Salman
Al-Samawa,88,10,10,3,3,0,4,0,4,Al-Samawa,Al-Samawa
Al-Samawa,89,12,12,4,3,0,5,0,5,Al-Samawa,Al-Samawa
Al-Samawa,90,8,8,5,0,0,0,0,0,Al-Samawa,Al-Samawa
Al-Samawa,91,14,14,9,0,0,2,0,2,Al-Samawa,Al-Samawa
Al-Samawa,92,32,30,20,0,0,6,0,6,Al-Samawa,Al-Samawa
Al-Samawa,93,20,19,10,1,0,2,0,2,Al-Samawa,Al-Samawa
Al-Samawa,94,4,3,3,0,0,0,0,0,Al-Samawa,Al-Samawa
Al-Samawa,95,2,2,0,1,0,1,0,1,Al-Samawa,Al-Samawa
Al-Samawa,96,0,0,0,0,0,0,0,0,Al-Samawa,Al-Samawa
Al-Samawa,97,0,0,0,0,0,0,0,0,Al-Samawa,Al-Samawa
Al-Samawa,98,0,0,0,0,0,0,0,0,Al-Samawa,Al-Samawa
Al-Shamiya,88,1,1,0,0,0,1,0,1,Al-Shamiya,Al-Shamiya
Al-Shamiya,89,0,0,0,0,0,0,0,0,Al-Shamiya,Al-Shamiya
Al-Shamiya,90,1,1,1,0,0,0,0,0,Al-Shamiya,Al-Shamiya
Al-Shamiya,91,2,2,2,0,0,0,0,0,Al-Shamiya,Al-Shamiya
Al-Shamiya,92,2,2,1,0,0,0,0,0,Al-Shamiya,Al-Shamiya
Al-Shamiya,93,12,6,3,0,0,2,2,4,Al-Shamiya,Al-Shamiya
Al-Shamiya,94,9,6,2,0,0,6,1,7,Al-Shamiya,Al-Shamiya
Al-Shamiya,95,8,5,3,0,0,3,0,3,Al-Shamiya,Al-Shamiya
Al-Shamiya,96,4,4,2,0,0,1,1,2,Al-Shamiya,Al-Shamiya
Al-Shamiya,97,3,2,0,0,0,1,1,2,Al-Shamiya,Al-Shamiya
Al-Shamiya,98,0,0,0,0,0,0,0,0,Al-Shamiya,Al-Shamiya
Al-Shatra,88,3,3,3,0,0,0,0,0,Al-Shatra,Al-Shatra
Al-Shatra,89,0,0,0,0,0,0,0,0,Al-Shatra,Al-Shatra
Al-Shatra,90,5,5,2,1,0,2,0,2,Al-Shatra,Al-Shatra
Al-Shatra,91,2,2,0,0,0,2,0,2,Al-Shatra,Al-Shatra
Al-Shatra,92,2,2,0,0,0,1,0,1,Al-Shatra,Al-Shatra
Al-Shatra,93,0,0,0,0,0,0,0,0,Al-Shatra,Al-Shatra
Al-Shatra,94,2,1,0,0,0,0,0,0,Al-Shatra,Al-Shatra
Al-Shatra,95,4,3,2,0,0,0,0,0,Al-Shatra,Al-Shatra
Al-Shatra,96,0,0,0,0,0,0,0,0,Al-Shatra,Al-Shatra
Al-Shatra,97,3,3,3,0,0,0,0,0,Al-Shatra,Al-Shatra
Al-Shatra,98,1,1,0,0,0,0,1,1,Al-Shatra,Al-Shatra
Al-Shikhan,88,0,0,0,0,0,0,0,0,Al-Shikhan,Al-Shikhan
Al-Shikhan,89,0,0,0,0,0,0,0,0,Al-Shikhan,Al-Shikhan
Al-Shikhan,90,0,0,0,0,0,0,0,0,Al-Shikhan,Al-Shikhan
Al-Shikhan,91,2,2,1,0,0,1,0,1,Al-Shikhan,Al-Shikhan
Al-Shikhan,92,3,3,0,0,0,3,0,3,Al-Shikhan,Al-Shikhan
Al-Shikhan,93,2,2,0,0,0,2,0,2,Al-Shikhan,Al-Shikhan
Al-Shikhan,94,3,1,0,0,0,1,1,2,Al-Shikhan,Al-Shikhan
Al-Shikhan,95,8,6,1,0,0,6,0,6,Al-Shikhan,Al-Shikhan
Al-Shikhan,96,3,2,0,0,0,0,2,2,Al-Shikhan,Al-Shikhan
Al-Shikhan,97,17,15,0,0,0,4,10,14,Al-Shikhan,Al-Shikhan
Al-Shikhan,98,2,2,0,0,0,2,0,2,Al-Shikhan,Al-Shikhan
Al-Shirqat,88,9,9,4,0,0,5,0,5,Al-Shirqat,Al-Shirqat
Al-Shirqat,89,29,29,7,1,0,21,0,21,Al-Shirqat,Al-Shirqat
Al-Shirqat,90,13,13,3,0,0,10,0,10,Al-Shirqat,Al-Shirqat
Al-Shirqat,91,38,38,5,0,0,33,0,33,Al-Shirqat,Al-Shirqat
Al-Shirqat,92,57,55,5,0,0,50,0,50,Al-Shirqat,Al-Shirqat
Al-Shirqat,93,77,74,6,0,1,60,7,67,Al-Shirqat,Al-Shirqat
Al-Shirqat,94,162,148,18,2,0,90,44,134,Al-Shirqat,Al-Shirqat
Al-Shirqat,95,165,152,18,2,1,88,47,135,Al-Shirqat,Al-Shirqat
Al-Shirqat,96,74,73,16,2,1,20,30,50,Al-Shirqat,Al-Shirqat
Al-Shirqat,97,33,31,8,0,1,5,17,22,Al-Shirqat,Al-Shirqat
Al-Shirqat,98,8,8,0,0,0,2,6,8,Al-Shirqat,Al-Shirqat
Al-Suwaira,88,33,33,16,2,0,15,0,15,Al-Suwaira,Al-Suwaira
Al-Suwaira,89,35,35,6,14,0,14,1,15,Al-Suwaira,Al-Suwaira
Al-Suwaira,90,22,22,5,5,0,12,0,12,Al-Suwaira,Al-Suwaira
Al-Suwaira,91,17,17,4,0,0,13,0,13,Al-Suwaira,Al-Suwaira
Al-Suwaira,92,19,8,2,0,0,6,0,6,Al-Suwaira,Al-Suwaira
Al-Suwaira,93,184,70,25,4,0,43,6,49,Al-Suwaira,Al-Suwaira
Al-Suwaira,94,132,59,23,4,1,22,12,34,Al-Suwaira,Al-Suwaira
Al-Suwaira,95,72,57,32,6,0,15,2,17,Al-Suwaira,Al-Suwaira
Al-Suwaira,96,18,17,6,1,0,8,2,10,Al-Suwaira,Al-Suwaira
Al-Suwaira,97,16,11,2,0,0,6,3,9,Al-Suwaira,Al-Suwaira
Al-Suwaira,98,3,3,1,0,0,2,0,2,Al-Suwaira,Al-Suwaira
Al-Zubair,88,32,32,17,1,0,10,3,13,Al-Zubair,Al-Zubair
Al-Zubair,89,39,39,18,3,0,17,0,17,Al-Zubair,Al-Zubair
Al-Zubair,90,25,24,15,2,0,7,0,7,Al-Zubair,Al-Zubair
Al-Zubair,91,29,29,15,1,0,13,0,13,Al-Zubair,Al-Zubair
Al-Zubair,92,55,51,17,0,0,20,0,20,Al-Zubair,Al-Zubair
Al-Zubair,93,113,87,13,0,0,28,6,34,Al-Zubair,Al-Zubair
Al-Zubair,94,96,76,21,0,0,27,10,37,Al-Zubair,Al-Zubair
Al-Zubair,95,83,61,13,5,1,27,3,30,Al-Zubair,Al-Zubair
Al-Zubair,96,61,54,12,1,0,20,7,27,Al-Zubair,Al-Zubair
Al-Zubair,97,19,7,2,1,0,3,0,3,Al-Zubair,Al-Zubair
Al-Zubair,98,3,1,1,0,0,1,0,1,Al-Zubair,Al-Zubair
Ali Al-Gharbi,88,0,0,0,0,0,0,0,0,Ali Al-Gharbi,Ali Al-Gharbi
Ali Al-Gharbi,89,0,0,0,0,0,0,0,0,Ali Al-Gharbi,Ali Al-Gharbi
Ali Al-Gharbi,90,0,0,0,0,0,0,0,0,Ali Al-Gharbi,Ali Al-Gharbi
Ali Al-Gharbi,91,0,0,0,0,0,0,0,0,Ali Al-Gharbi,Ali Al-Gharbi
Ali Al-Gharbi,92,0,0,0,0,0,0,0,0,Ali Al-Gharbi,Ali Al-Gharbi
Ali Al-Gharbi,93,1,0,0,0,0,0,0,0,Ali Al-Gharbi,Ali Al-Gharbi
Ali Al-Gharbi,94,1,1,0,0,0,1,0,1,Ali Al-Gharbi,Ali Al-Gharbi
Ali Al-Gharbi,95,1,1,0,0,0,0,0,0,Ali Al-Gharbi,Ali Al-Gharbi
Ali Al-Gharbi,96,0,0,0,0,0,0,0,0,Ali Al-Gharbi,Ali Al-Gharbi
Ali Al-Gharbi,97,2,2,1,0,0,1,0,1,Ali Al-Gharbi,Ali Al-Gharbi
Ali Al-Gharbi,98,0,0,0,0,0,0,0,0,Ali Al-Gharbi,Ali Al-Gharbi
Amara,88,134,134,70,49,0,14,1,15,Amara,Amara
Amara,89,122,122,71,40,0,11,0,11,Amara,Amara
Amara,90,30,30,11,2,0,15,0,15,Amara,Amara
Amara,91,78,78,13,1,0,33,0,33,Amara,Amara
Amara,92,76,76,11,0,0,11,0,11,Amara,Amara
Amara,93,34,27,9,0,0,1,1,2,Amara,Amara
Amara,94,13,10,2,1,0,2,0,2,Amara,Amara
Amara,95,5,3,0,0,0,3,0,3,Amara,Amara
Amara,96,15,11,3,0,0,2,6,8,Amara,Amara
Amara,97,42,38,15,3,0,14,6,20,Amara,Amara
Amara,98,15,13,5,0,0,4,3,7,Amara,Amara
Amedi,88,0,0,0,0,0,0,0,0,Amedi,Amedi
Amedi,89,0,0,0,0,0,0,0,0,Amedi,Amedi
Amedi,90,0,0,0,0,0,0,0,0,Amedi,Amedi
Amedi,91,0,0,0,0,0,0,0,0,Amedi,Amedi
Amedi,92,2,2,1,0,0,1,0,1,Amedi,Amedi
Amedi,93,0,0,0,0,0,0,0,0,Amedi,Amedi
Amedi,94,2,1,0,0,0,0,0,0,Amedi,Amedi
Amedi,95,6,5,1,0,0,1,0,1,Amedi,Amedi
Amedi,96,7,7,0,0,0,1,0,1,Amedi,Amedi
Amedi,97,2,1,0,1,0,0,0,0,Amedi,Amedi
Amedi,98,0,0,0,0,0,0,0,0,Amedi,Amedi
Ana,88,8,8,2,2,0,4,0,4,Ana,Ana
Ana,89,15,15,6,3,0,5,0,5,Ana,Ana
Ana,90,28,28,2,0,0,26,0,26,Ana,Ana
Ana,91,137,137,18,1,0,107,0,107,Ana,Ana
Ana,92,112,111,8,1,2,78,0,78,Ana,Ana
Ana,93,259,248,64,6,0,107,33,140,Ana,Ana
Ana,94,123,110,28,1,2,38,46,84,Ana,Ana
Ana,95,106,93,14,2,0,21,56,77,Ana,Ana
Ana,96,70,69,12,1,0,23,25,48,Ana,Ana
Ana,97,18,17,2,0,0,6,6,12,Ana,Ana
Ana,98,1,1,1,0,0,0,0,0,Ana,Ana
Ba'quba,88,21,21,5,1,0,14,1,15,Ba'quba,Ba'quba
Ba'quba,89,29,29,9,2,0,16,1,17,Ba'quba,Ba'quba
Ba'quba,90,28,28,4,3,0,20,0,20,Ba'quba,Ba'quba
Ba'quba,91,38,37,7,0,0,27,0,27,Ba'quba,Ba'quba
Ba'quba,92,99,56,27,0,0,49,0,49,Ba'quba,Ba'quba
Ba'quba,93,278,147,69,2,0,97,21,118,Ba'quba,Ba'quba
Ba'quba,94,303,203,71,10,1,80,41,121,Ba'quba,Ba'quba
Ba'quba,95,296,255,80,27,0,51,84,135,Ba'quba,Ba'quba
Ba'quba,96,218,215,44,2,1,28,131,159,Ba'quba,Ba'quba
Ba'quba,97,33,31,13,0,0,5,12,17,Ba'quba,Ba'quba
Ba'quba,98,4,4,0,0,0,2,2,4,Ba'quba,Ba'quba
Badra,88,1,1,0,0,0,1,0,1,Badra,Badra
Badra,89,0,0,0,0,0,0,0,0,Badra,Badra
Badra,90,0,0,0,0,0,0,0,0,Badra,Badra
Badra,91,0,0,0,0,0,0,0,0,Badra,Badra
Badra,92,2,0,0,0,0,1,0,1,Badra,Badra
Badra,93,3,2,0,0,0,3,0,3,Badra,Badra
Badra,94,4,3,0,0,0,3,0,3,Badra,Badra
Badra,95,3,3,1,1,0,0,0,0,Badra,Badra
Badra,96,1,1,0,0,0,1,0,1,Badra,Badra
Badra,97,2,2,0,0,0,1,1,2,Badra,Badra
Badra,98,0,0,0,0,0,0,0,0,Badra,Badra
Baiji,88,42,42,11,3,0,26,2,28,Baiji,Baiji
Baiji,89,138,138,39,4,0,89,0,89,Baiji,Baiji
Baiji,90,180,180,40,9,0,111,0,111,Baiji,Baiji
Baiji,91,208,208,23,1,0,159,0,159,Baiji,Baiji
Baiji,92,176,170,22,0,0,140,0,140,Baiji,Baiji
Baiji,93,354,310,73,1,0,163,43,206,Baiji,Baiji
Baiji,94,513,446,95,3,1,208,111,319,Baiji,Baiji
Baiji,95,456,432,104,18,0,206,100,306,Baiji,Baiji
Baiji,96,227,219,55,3,1,84,63,147,Baiji,Baiji
Baiji,97,68,64,6,0,0,26,22,48,Baiji,Baiji
Baiji,98,13,13,3,0,0,3,2,5,Baiji,Baiji
Balad,88,218,218,101,24,0,90,3,93,Balad,Balad
Balad,89,582,582,183,36,0,280,3,283,Balad,Balad
Balad,90,620,620,147,19,0,350,0,350,Balad,Balad
Balad,91,828,828,122,3,0,546,0,546,Balad,Balad
Balad,92,1039,1007,115,0,0,628,0,628,Balad,Balad
Balad,93,1485,1357,163,1,0,663,237,900,Balad,Balad
Balad,94,1688,1559,211,35,3,565,400,965,Balad,Balad
Balad,95,1364,1267,268,163,2,502,304,806,Balad,Balad
Balad,96,636,629,113,152,0,159,176,335,Balad,Balad
Balad,97,307,290,71,33,1,67,90,157,Balad,Balad
Balad,98,62,59,12,1,0,12,19,31,Balad,Balad
Baladrooz,88,36,36,8,1,0,25,2,27,Baladrooz,Baladrooz
Baladrooz,89,90,90,14,2,0,69,2,71,Baladrooz,Baladrooz
Baladrooz,90,98,98,16,2,0,76,0,76,Baladrooz,Baladrooz
Baladrooz,91,91,91,14,0,0,74,0,74,Baladrooz,Baladrooz
Baladrooz,92,195,139,41,0,0,133,0,133,Baladrooz,Baladrooz
Baladrooz,93,377,206,73,2,0,189,44,233,Baladrooz,Baladrooz
Baladrooz,94,364,258,68,10,5,159,69,228,Baladrooz,Baladrooz
Baladrooz,95,277,195,75,17,1,103,45,148,Baladrooz,Baladrooz
Baladrooz,96,316,302,49,21,7,112,104,216,Baladrooz,Baladrooz
Baladrooz,97,433,429,32,8,2,185,195,380,Baladrooz,Baladrooz
Baladrooz,98,102,101,3,0,1,35,56,91,Baladrooz,Baladrooz
Basrah,88,109,109,66,10,0,29,4,33,Basrah,Basrah
Basrah,89,186,186,96,51,0,37,1,38,Basrah,Basrah
Basrah,90,78,77,31,7,0,36,0,36,Basrah,Basrah
Basrah,91,70,69,31,1,0,26,0,26,Basrah,Basrah
Basrah,92,247,218,80,3,1,58,0,58,Basrah,Basrah
Basrah,93,764,661,384,10,1,78,6,84,Basrah,Basrah
Basrah,94,902,832,427,11,0,53,7,60,Basrah,Basrah
Basrah,95,423,291,200,32,2,35,6,41,Basrah,Basrah
Basrah,96,344,320,235,25,0,22,15,37,Basrah,Basrah
Basrah,97,81,50,15,0,0,25,9,34,Basrah,Basrah
Basrah,98,15,12,1,0,0,5,5,10,Basrah,Basrah
Chamchamal,88,0,0,0,0,0,0,0,0,Chamchamal,Chamchamal
Chamchamal,89,5,5,1,1,0,2,0,2,Chamchamal,Chamchamal
Chamchamal,90,5,5,0,0,0,5,0,5,Chamchamal,Chamchamal
Chamchamal,91,1,1,0,0,0,1,0,1,Chamchamal,Chamchamal
Chamchamal,92,2,2,1,0,0,1,0,1,Chamchamal,Chamchamal
Chamchamal,93,4,3,1,0,0,2,0,2,Chamchamal,Chamchamal
Chamchamal,94,5,4,0,0,0,3,1,4,Chamchamal,Chamchamal
Chamchamal,95,43,28,6,3,0,20,2,22,Chamchamal,Chamchamal
Chamchamal,96,4,2,1,0,0,0,1,1,Chamchamal,Chamchamal
Chamchamal,97,7,5,1,0,0,1,3,4,Chamchamal,Chamchamal
Chamchamal,98,1,1,0,0,0,0,1,1,Chamchamal,Chamchamal
Choman,88,0,0,0,0,0,0,0,0,Choman,Choman
Choman,89,0,0,0,0,0,0,0,0,Choman,Choman
Choman,90,0,0,0,0,0,0,0,0,Choman,Choman
Choman,91,0,0,0,0,0,0,0,0,Choman,Choman
Choman,92,0,0,0,0,0,0,0,0,Choman,Choman
Choman,93,0,0,0,0,0,0,0,0,Choman,Choman
Choman,94,0,0,0,0,0,0,0,0,Choman,Choman
Choman,95,0,0,0,0,0,0,0,0,Choman,Choman
Choman,96,0,0,0,0,0,0,0,0,Choman,Choman
Choman,97,0,0,0,0,0,0,0,0,Choman,Choman
Choman,98,0,0,0,0,0,0,0,0,Choman,Choman
Dahuk,88,2,2,1,0,0,1,0,1,Dahuk,Dahuk
Dahuk,89,1,1,0,0,0,1,0,1,Dahuk,Dahuk
Dahuk,90,3,3,0,0,0,3,0,3,Dahuk,Dahuk
Dahuk,91,0,0,0,0,0,0,0,0,Dahuk,Dahuk
Dahuk,92,3,3,0,0,0,3,0,3,Dahuk,Dahuk
Dahuk,93,7,6,0,0,1,4,2,6,Dahuk,Dahuk
Dahuk,94,4,4,0,0,0,3,0,3,Dahuk,Dahuk
Dahuk,95,4,4,0,0,0,1,3,4,Dahuk,Dahuk
Dahuk,96,2,2,0,0,0,0,1,1,Dahuk,Dahuk
Dahuk,97,9,8,1,1,0,4,1,5,Dahuk,Dahuk
Dahuk,98,0,0,0,0,0,0,0,0,Dahuk,Dahuk
Daquq,88,4,4,2,1,0,1,0,1,Daquq,Daquq
Daquq,89,12,12,6,0,0,6,0,6,Daquq,Daquq
Daquq,90,26,26,3,1,0,20,0,20,Daquq,Daquq
Daquq,91,24,24,4,0,0,19,0,19,Daquq,Daquq
Daquq,92,33,33,2,0,0,31,0,31,Daquq,Daquq
Daquq,93,26,17,1,1,0,17,5,22,Daquq,Daquq
Daquq,94,53,26,8,0,2,21,6,27,Daquq,Daquq
Daquq,95,50,27,9,3,0,11,10,21,Daquq,Daquq
Daquq,96,37,29,3,0,0,13,12,25,Daquq,Daquq
Daquq,97,50,44,4,0,0,15,23,38,Daquq,Daquq
Daquq,98,8,6,0,0,0,3,1,4,Daquq,Daquq
Darbandihkan,88,0,0,0,0,0,0,0,0,Darbandihkan,Darbandihkan
Darbandihkan,89,0,0,0,0,0,0,0,0,Darbandihkan,Darbandihkan
Darbandihkan,90,0,0,0,0,0,0,0,0,Darbandihkan,Darbandihkan
Darbandihkan,91,0,0,0,0,0,0,0,0,Darbandihkan,Darbandihkan
Darbandihkan,92,0,0,0,0,0,0,0,0,Darbandihkan,Darbandihkan
Darbandihkan,93,0,0,0,0,0,0,0,0,Darbandihkan,Darbandihkan
Darbandihkan,94,1,1,1,0,0,0,0,0,Darbandihkan,Darbandihkan
Darbandihkan,95,0,0,0,0,0,0,0,0,Darbandihkan,Darbandihkan
Darbandihkan,96,0,0,0,0,0,0,0,0,Darbandihkan,Darbandihkan
Darbandihkan,97,0,0,0,0,0,0,0,0,Darbandihkan,Darbandihkan
Darbandihkan,98,0,0,0,0,0,0,0,0,Darbandihkan,Darbandihkan
Dibis,88,0,0,0,0,0,0,0,0,Dibis,Dibis
Dibis,89,3,3,1,0,0,1,1,2,Dibis,Dibis
Dibis,90,4,4,0,0,0,2,0,2,Dibis,Dibis
Dibis,91,2,2,0,0,0,2,0,2,Dibis,Dibis
Dibis,92,1,1,0,0,0,1,0,1,Dibis,Dibis
Dibis,93,5,4,0,0,0,3,1,4,Dibis,Dibis
Dibis,94,2,2,0,0,0,0,1,1,Dibis,Dibis
Dibis,95,3,3,0,0,0,1,2,3,Dibis,Dibis
Dibis,96,3,2,1,0,0,0,1,1,Dibis,Dibis
Dibis,97,4,4,0,0,0,1,2,3,Dibis,Dibis
Dibis,98,1,0,0,0,0,0,0,0,Dibis,Dibis
Diwaniya,88,42,42,15,18,0,9,0,9,Diwaniya,Diwaniya
Diwaniya,89,7,7,2,3,0,2,0,2,Diwaniya,Diwaniya
Diwaniya,90,15,15,11,0,0,4,0,4,Diwaniya,Diwaniya
Diwaniya,91,23,23,7,0,0,13,0,13,Diwaniya,Diwaniya
Diwaniya,92,26,23,14,0,0,7,0,7,Diwaniya,Diwaniya
Diwaniya,93,187,91,50,1,0,54,5,59,Diwaniya,Diwaniya
Diwaniya,94,393,292,132,9,0,98,35,133,Diwaniya,Diwaniya
Diwaniya,95,206,163,58,37,0,41,4,45,Diwaniya,Diwaniya
Diwaniya,96,31,30,12,7,0,4,7,11,Diwaniya,Diwaniya
Diwaniya,97,25,23,16,0,0,0,5,5,Diwaniya,Diwaniya
Diwaniya,98,4,4,2,0,0,1,1,2,Diwaniya,Diwaniya
Dokan,88,0,0,0,0,0,0,0,0,Dokan,Dokan
Dokan,89,0,0,0,0,0,0,0,0,Dokan,Dokan
Dokan,90,0,0,0,0,0,0,0,0,Dokan,Dokan
Dokan,91,0,0,0,0,0,0,0,0,Dokan,Dokan
Dokan,92,0,0,0,0,0,0,0,0,Dokan,Dokan
Dokan,93,0,0,0,0,0,0,0,0,Dokan,Dokan
Dokan,94,1,1,0,0,0,1,0,1,Dokan,Dokan
Dokan,95,2,1,1,0,0,1,0,1,Dokan,Dokan
Dokan,96,0,0,0,0,0,0,0,0,Dokan,Dokan
Dokan,97,0,0,0,0,0,0,0,0,Dokan,Dokan
Dokan,98,0,0,0,0,0,0,0,0,Dokan,Dokan
Erbil,88,2,2,1,0,0,1,0,1,Erbil,Erbil
Erbil,89,6,6,2,0,0,1,1,2,Erbil,Erbil
Erbil,90,6,6,0,0,1,4,0,4,Erbil,Erbil
Erbil,91,9,9,1,0,0,8,0,8,Erbil,Erbil
Erbil,92,3,1,0,0,0,1,0,1,Erbil,Erbil
Erbil,93,3,2,0,0,0,1,1,2,Erbil,Erbil
Erbil,94,8,3,1,0,1,1,0,1,Erbil,Erbil
Erbil,95,16,12,2,2,0,4,3,7,Erbil,Erbil
Erbil,96,4,2,0,1,0,1,0,1,Erbil,Erbil
Erbil,97,9,8,1,1,0,3,2,5,Erbil,Erbil
Erbil,98,2,2,0,0,0,1,1,2,Erbil,Erbil
Falluja,88,210,210,96,22,0,87,5,92,Falluja,Falluja
Falluja,89,597,597,254,82,0,147,2,149,Falluja,Falluja
Falluja,90,660,659,156,24,0,365,0,365,Falluja,Falluja
Falluja,91,1144,1144,271,2,0,654,0,654,Falluja,Falluja
Falluja,92,1411,1391,475,2,1,725,0,725,Falluja,Falluja
Falluja,93,1952,1901,729,14,6,634,233,867,Falluja,Falluja
Falluja,94,2099,1940,811,26,24,408,518,926,Falluja,Falluja
Falluja,95,880,826,254,52,13,156,341,497,Falluja,Falluja
Falluja,96,295,292,53,2,5,79,132,211,Falluja,Falluja
Falluja,97,205,201,46,4,3,78,35,113,Falluja,Falluja
Falluja,98,42,41,8,0,0,13,15,28,Falluja,Falluja
Fao,88,1,1,0,1,0,0,0,0,Fao,Fao
Fao,89,0,0,0,0,0,0,0,0,Fao,Fao
Fao,90,1,1,1,0,0,0,0,0,Fao,Fao
Fao,91,0,0,0,0,0,0,0,0,Fao,Fao
Fao,92,2,1,0,0,0,1,0,1,Fao,Fao
Fao,93,2,1,1,0,0,1,0,1,Fao,Fao
Fao,94,1,0,0,0,0,0,0,0,Fao,Fao
Fao,95,1,0,0,0,0,0,0,0,Fao,Fao
Fao,96,1,1,1,0,0,0,0,0,Fao,Fao
Fao,97,0,0,0,0,0,0,0,0,Fao,Fao
Fao,98,0,0,0,0,0,0,0,0,Fao,Fao
Haditha,88,31,31,3,1,0,27,0,27,Haditha,Haditha
Haditha,89,67,67,11,6,0,49,0,49,Haditha,Haditha
Haditha,90,188,188,21,6,0,97,0,97,Haditha,Haditha
Haditha,91,279,279,32,0,0,175,0,175,Haditha,Haditha
Haditha,92,228,226,32,1,0,166,0,166,Haditha,Haditha
Haditha,93,851,842,421,11,3,235,82,317,Haditha,Haditha
Haditha,94,377,352,98,0,7,124,110,234,Haditha,Haditha
Haditha,95,163,152,27,0,1,45,78,123,Haditha,Haditha
Haditha,96,44,43,7,0,0,6,26,32,Haditha,Haditha
Haditha,97,9,8,2,0,0,2,1,3,Haditha,Haditha
Haditha,98,1,1,1,0,0,0,0,0,Haditha,Haditha
Halabja,88,0,0,0,0,0,0,0,0,Halabja,Halabja
Halabja,89,0,0,0,0,0,0,0,0,Halabja,Halabja
Halabja,90,0,0,0,0,0,0,0,0,Halabja,Halabja
Halabja,91,1,1,0,0,0,1,0,1,Halabja,Halabja
Halabja,92,0,0,0,0,0,0,0,0,Halabja,Halabja
Halabja,93,0,0,0,0,0,0,0,0,Halabja,Halabja
Halabja,94,0,0,0,0,0,0,0,0,Halabja,Halabja
Halabja,95,0,0,0,0,0,0,0,0,Halabja,Halabja
Halabja,96,0,0,0,0,0,0,0,0,Halabja,Halabja
Halabja,97,0,0,0,0,0,0,0,0,Halabja,Halabja
Halabja,98,0,0,0,0,0,0,0,0,Halabja,Halabja
Hamza,88,1,1,1,0,0,0,0,0,Hamza,Hamza
Hamza,89,0,0,0,0,0,0,0,0,Hamza,Hamza
Hamza,90,1,1,1,0,0,0,0,0,Hamza,Hamza
Hamza,91,0,0,0,0,0,0,0,0,Hamza,Hamza
Hamza,92,0,0,0,0,0,0,0,0,Hamza,Hamza
Hamza,93,12,4,3,0,0,1,1,2,Hamza,Hamza
Hamza,94,11,6,2,0,0,4,1,5,Hamza,Hamza
Hamza,95,6,1,1,0,0,0,0,0,Hamza,Hamza
Hamza,96,3,2,3,0,0,0,0,0,Hamza,Hamza
Hamza,97,0,0,0,0,0,0,0,0,Hamza,Hamza
Hamza,98,2,1,0,0,0,0,1,1,Hamza,Hamza
Hashimiya,88,5,5,0,1,0,2,2,4,Hashimiya,Hashimiya
Hashimiya,89,5,5,1,2,0,2,0,2,Hashimiya,Hashimiya
Hashimiya,90,7,7,4,0,0,3,0,3,Hashimiya,Hashimiya
Hashimiya,91,11,11,3,0,0,6,0,6,Hashimiya,Hashimiya
Hashimiya,92,15,15,5,0,0,8,0,8,Hashimiya,Hashimiya
Hashimiya,93,48,40,14,0,0,17,1,18,Hashimiya,Hashimiya
Hashimiya,94,36,29,11,0,0,11,2,13,Hashimiya,Hashimiya
Hashimiya,95,21,18,6,4,0,5,4,9,Hashimiya,Hashimiya
Hashimiya,96,15,15,10,0,0,3,1,4,Hashimiya,Hashimiya
Hashimiya,97,4,4,1,1,0,2,0,2,Hashimiya,Hashimiya
Hashimiya,98,2,2,0,0,0,0,2,2,Hashimiya,Hashimiya
Hatra,88,2,2,1,1,0,0,0,0,Hatra,Hatra
Hatra,89,11,11,2,0,0,9,0,9,Hatra,Hatra
Hatra,90,6,6,4,0,0,1,0,1,Hatra,Hatra
Hatra,91,12,12,4,0,0,8,0,8,Hatra,Hatra
Hatra,92,8,6,4,0,0,4,0,4,Hatra,Hatra
Hatra,93,21,17,6,0,0,6,3,9,Hatra,Hatra
Hatra,94,48,44,4,2,2,22,15,37,Hatra,Hatra
Hatra,95,31,31,2,0,1,17,11,28,Hatra,Hatra
Hatra,96,16,16,5,0,0,5,4,9,Hatra,Hatra
Hatra,97,13,13,2,0,1,5,5,10,Hatra,Hatra
Hatra,98,2,1,0,0,0,0,1,1,Hatra,Hatra
Heet,88,58,58,14,6,0,38,0,38,Heet,Heet
Heet,89,76,76,15,12,0,39,1,40,Heet,Heet
Heet,90,198,198,32,14,0,69,0,69,Heet,Heet
Heet,91,292,292,54,2,0,142,0,142,Heet,Heet
Heet,92,479,471,94,3,0,325,0,325,Heet,Heet
Heet,93,870,860,227,12,1,320,152,472,Heet,Heet
Heet,94,309,287,95,1,5,67,114,181,Heet,Heet
Heet,95,145,138,19,0,0,48,70,118,Heet,Heet
Heet,96,74,73,17,0,1,18,28,46,Heet,Heet
Heet,97,52,50,8,1,3,18,12,30,Heet,Heet
Heet,98,10,10,0,0,0,6,3,9,Heet,Heet
Hilla,88,4,4,3,0,0,0,1,1,Hilla,Hilla
Hilla,89,2,2,2,0,0,0,0,0,Hilla,Hilla
Hilla,90,1,1,0,0,0,1,0,1,Hilla,Hilla
Hilla,91,4,4,2,0,0,2,0,2,Hilla,Hilla
Hilla,92,6,5,1,0,0,5,0,5,Hilla,Hilla
Hilla,93,31,18,1,0,0,19,0,19,Hilla,Hilla
Hilla,94,12,3,1,0,1,1,1,2,Hilla,Hilla
Hilla,95,2,2,1,0,0,1,0,1,Hilla,Hilla
Hilla,96,3,3,0,0,0,3,0,3,Hilla,Hilla
Hilla,97,5,3,0,0,0,2,1,3,Hilla,Hilla
Hilla,98,1,1,0,0,0,0,1,1,Hilla,Hilla
Kalar,88,0,0,0,0,0,0,0,0,Kalar,Kalar
Kalar,89,0,0,0,0,0,0,0,0,Kalar,Kalar
Kalar,90,0,0,0,0,0,0,0,0,Kalar,Kalar
Kalar,91,0,0,0,0,0,0,0,0,Kalar,Kalar
Kalar,92,1,1,0,0,0,1,0,1,Kalar,Kalar
Kalar,93,0,0,0,0,0,0,0,0,Kalar,Kalar
Kalar,94,3,2,2,0,0,0,0,0,Kalar,Kalar
Kalar,95,11,6,6,0,0,1,0,1,Kalar,Kalar
Kalar,96,0,0,0,0,0,0,0,0,Kalar,Kalar
Kalar,97,1,0,0,0,0,0,0,0,Kalar,Kalar
Kalar,98,1,1,0,0,0,1,0,1,Kalar,Kalar
Karkh,88,787,787,281,98,1,358,48,406,Karkh,Karkh
Karkh,89,1431,1431,659,192,1,536,15,551,Karkh,Karkh
Karkh,90,1436,1434,607,92,2,680,0,680,Karkh,Karkh
Karkh,91,1405,1402,623,21,0,642,0,642,Karkh,Karkh
Karkh,92,2028,1690,646,7,3,953,0,953,Karkh,Karkh
Karkh,93,5917,2952,1573,18,18,1337,230,1567,Karkh,Karkh
Karkh,94,7103,4783,2511,129,34,1413,588,2001,Karkh,Karkh
Karkh,95,3811,2910,1526,328,11,817,480,1297,Karkh,Karkh
Karkh,96,1370,1258,540,83,1,354,260,614,Karkh,Karkh
Karkh,97,738,682,116,9,4,365,173,538,Karkh,Karkh
Karkh,98,161,148,20,0,0,74,51,125,Karkh,Karkh
Kerbala,88,85,85,41,25,0,18,1,19,Kerbala,Kerbala
Kerbala,89,28,28,12,7,0,9,0,9,Kerbala,Kerbala
Kerbala,90,25,25,3,1,0,18,0,18,Kerbala,Kerbala
Kerbala,91,15,15,4,0,0,4,0,4,Kerbala,Kerbala
Kerbala,92,21,11,3,0,1,6,0,6,Kerbala,Kerbala
Kerbala,93,21,9,5,1,2,3,1,4,Kerbala,Kerbala
Kerbala,94,24,12,1,1,2,9,0,9,Kerbala,Kerbala
Kerbala,95,14,11,4,1,0,3,2,5,Kerbala,Kerbala
Kerbala,96,9,7,2,0,1,3,1,4,Kerbala,Kerbala
Kerbala,97,7,7,0,0,0,6,1,7,Kerbala,Kerbala
Kerbala,98,2,2,0,0,0,1,1,2,Kerbala,Kerbala
Khadamiya,88,193,193,74,30,0,78,11,89,Khadamiya,Khadamiya
Khadamiya,89,401,401,146,61,0,175,4,179,Khadamiya,Khadamiya
Khadamiya,90,422,421,168,20,0,221,0,221,Khadamiya,Khadamiya
Khadamiya,91,349,348,150,7,0,143,0,143,Khadamiya,Khadamiya
Khadamiya,92,549,477,200,1,3,216,0,216,Khadamiya,Khadamiya
Khadamiya,93,1743,877,433,4,3,321,79,400,Khadamiya,Khadamiya
Khadamiya,94,1322,916,344,24,3,277,142,419,Khadamiya,Khadamiya
Khadamiya,95,727,542,269,55,1,132,115,247,Khadamiya,Khadamiya
Khadamiya,96,458,427,235,25,1,95,60,155,Khadamiya,Khadamiya
Khadamiya,97,144,119,28,4,0,42,39,81,Khadamiya,Khadamiya
Khadamiya,98,21,16,3,0,1,4,7,11,Khadamiya,Khadamiya
Khanaqin,88,60,60,22,5,0,32,1,33,Khanaqin,Khanaqin
Khanaqin,89,104,104,37,12,0,47,0,47,Khanaqin,Khanaqin
Khanaqin,90,119,119,22,6,0,79,0,79,Khanaqin,Khanaqin
Khanaqin,91,146,146,22,0,1,103,0,103,Khanaqin,Khanaqin
Khanaqin,92,270,206,52,0,0,154,0,154,Khanaqin,Khanaqin
Khanaqin,93,390,290,67,0,1,198,56,254,Khanaqin,Khanaqin
Khanaqin,94,525,425,114,7,6,195,108,303,Khanaqin,Khanaqin
Khanaqin,95,472,400,158,33,2,146,100,246,Khanaqin,Khanaqin
Khanaqin,96,133,124,13,3,2,33,70,103,Khanaqin,Khanaqin
Khanaqin,97,72,68,6,2,1,38,21,59,Khanaqin,Khanaqin
Khanaqin,98,29,28,2,1,1,16,7,23,Khanaqin,Khanaqin
Kifri,88,4,4,1,1,0,2,0,2,Kifri,Kifri
Kifri,89,17,17,6,0,0,11,0,11,Kifri,Kifri
Kifri,90,15,15,3,2,0,10,0,10,Kifri,Kifri
Kifri,91,23,23,6,0,0,16,0,16,Kifri,Kifri
Kifri,92,14,10,3,0,0,8,0,8,Kifri,Kifri
Kifri,93,16,12,2,0,0,7,1,8,Kifri,Kifri
Kifri,94,60,30,7,2,0,21,8,29,Kifri,Kifri
Kifri,95,132,93,25,12,0,43,12,55,Kifri,Kifri
Kifri,96,8,7,1,0,2,3,1,4,Kifri,Kifri
Kifri,97,25,22,3,0,0,12,6,18,Kifri,Kifri
Kifri,98,1,1,0,0,0,1,0,1,Kifri,Kifri
Kirkuk,88,76,76,41,4,0,25,5,30,Kirkuk,Kirkuk
Kirkuk,89,177,177,65,10,0,72,3,75,Kirkuk,Kirkuk
Kirkuk,90,334,332,97,4,0,206,0,206,Kirkuk,Kirkuk
Kirkuk,91,412,410,54,0,1,308,0,308,Kirkuk,Kirkuk
Kirkuk,92,493,458,65,0,1,388,0,388,Kirkuk,Kirkuk
Kirkuk,93,533,427,61,0,10,307,77,384,Kirkuk,Kirkuk
Kirkuk,94,815,599,60,2,0,382,194,576,Kirkuk,Kirkuk
Kirkuk,95,764,622,103,31,5,340,155,495,Kirkuk,Kirkuk
Kirkuk,96,480,444,48,26,1,208,132,340,Kirkuk,Kirkuk
Kirkuk,97,453,403,74,26,5,166,108,274,Kirkuk,Kirkuk
Kirkuk,98,87,81,21,0,1,36,15,51,Kirkuk,Kirkuk
Koisnjaq,88,2,2,1,0,0,1,0,1,Koisnjaq,Koisnjaq
Koisnjaq,89,0,0,0,0,0,0,0,0,Koisnjaq,Koisnjaq
Koisnjaq,90,0,0,0,0,0,0,0,0,Koisnjaq,Koisnjaq
Koisnjaq,91,1,1,0,0,0,1,0,1,Koisnjaq,Koisnjaq
Koisnjaq,92,0,0,0,0,0,0,0,0,Koisnjaq,Koisnjaq
Koisnjaq,93,1,1,0,0,0,1,0,1,Koisnjaq,Koisnjaq
Koisnjaq,94,1,0,1,0,0,0,0,0,Koisnjaq,Koisnjaq
Koisnjaq,95,0,0,0,0,0,0,0,0,Koisnjaq,Koisnjaq
Koisnjaq,96,2,1,0,0,0,0,1,1,Koisnjaq,Koisnjaq
Koisnjaq,97,4,3,0,0,0,2,1,3,Koisnjaq,Koisnjaq
Koisnjaq,98,0,0,0,0,0,0,0,0,Koisnjaq,Koisnjaq
Kufa,88,93,93,38,53,0,2,0,2,Kufa,Kufa
Kufa,89,14,14,3,10,0,1,0,1,Kufa,Kufa
Kufa,90,2,2,1,0,0,1,0,1,Kufa,Kufa
Kufa,91,6,5,1,0,0,4,0,4,Kufa,Kufa
Kufa,92,17,13,3,0,0,14,0,14,Kufa,Kufa
Kufa,93,16,3,1,1,0,11,1,12,Kufa,Kufa
Kufa,94,10,7,4,0,1,2,0,2,Kufa,Kufa
Kufa,95,3,1,1,0,0,0,0,0,Kufa,Kufa
Kufa,96,3,2,1,0,0,1,0,1,Kufa,Kufa
Kufa,97,2,2,0,0,0,1,0,1,Kufa,Kufa
Kufa,98,1,1,1,0,0,0,0,0,Kufa,Kufa
Kut,88,21,21,7,1,0,12,1,13,Kut,Kut
Kut,89,12,12,7,3,0,1,1,2,Kut,Kut
Kut,90,6,6,2,0,0,4,0,4,Kut,Kut
Kut,91,5,5,1,0,0,4,0,4,Kut,Kut
Kut,92,13,10,7,0,0,6,0,6,Kut,Kut
Kut,93,98,53,22,0,0,21,10,31,Kut,Kut
Kut,94,142,96,41,3,0,30,8,38,Kut,Kut
Kut,95,79,59,31,9,0,14,0,14,Kut,Kut
Kut,96,60,56,31,4,0,10,5,15,Kut,Kut
Kut,97,16,15,7,0,0,3,3,6,Kut,Kut
Kut,98,4,4,2,0,0,1,0,1,Kut,Kut
Mada'in,88,29,29,14,3,0,12,0,12,Mada'in,Mada'in
Mada'in,89,86,86,36,5,0,41,0,41,Mada'in,Mada'in
Mada'in,90,107,107,34,4,0,68,0,68,Mada'in,Mada'in
Mada'in,91,120,120,37,2,0,74,0,74,Mada'in,Mada'in
Mada'in,92,189,174,34,0,0,125,0,125,Mada'in,Mada'in
Mada'in,93,351,219,80,3,0,102,34,136,Mada'in,Mada'in
Mada'in,94,431,354,100,11,1,138,83,221,Mada'in,Mada'in
Mada'in,95,444,432,160,85,1,97,82,179,Mada'in,Mada'in
Mada'in,96,189,184,61,5,1,34,77,111,Mada'in,Mada'in
Mada'in,97,90,87,25,0,0,25,35,60,Mada'in,Mada'in
Mada'in,98,13,11,0,0,0,5,6,11,Mada'in,Mada'in
Mahmoudiya,88,272,272,75,40,0,153,4,157,Mahmoudiya,Mahmoudiya
Mahmoudiya,89,542,542,169,107,0,234,2,236,Mahmoudiya,Mahmoudiya
Mahmoudiya,90,900,900,155,40,0,672,0,672,Mahmoudiya,Mahmoudiya
Mahmoudiya,91,1360,1357,216,11,0,935,0,935,Mahmoudiya,Mahmoudiya
Mahmoudiya,92,2526,2466,453,3,0,1487,0,1487,Mahmoudiya,Mahmoudiya
Mahmoudiya,93,3530,3144,614,17,3,1413,642,2055,Mahmoudiya,Mahmoudiya
Mahmoudiya,94,3650,3312,920,72,5,946,918,1864,Mahmoudiya,Mahmoudiya
Mahmoudiya,95,1820,1688,620,278,2,428,361,789,Mahmoudiya,Mahmoudiya
Mahmoudiya,96,587,575,87,10,2,127,340,467,Mahmoudiya,Mahmoudiya
Mahmoudiya,97,151,139,13,3,1,46,67,113,Mahmoudiya,Mahmoudiya
Mahmoudiya,98,40,39,1,0,0,2,32,34,Mahmoudiya,Mahmoudiya
Makhmur,88,0,0,0,0,0,0,0,0,Makhmur,Makhmur
Makhmur,89,1,1,0,1,0,0,0,0,Makhmur,Makhmur
Makhmur,90,5,5,2,0,0,3,0,3,Makhmur,Makhmur
Makhmur,91,2,2,0,0,0,2,0,2,Makhmur,Makhmur
Makhmur,92,5,5,2,0,0,3,0,3,Makhmur,Makhmur
Makhmur,93,4,3,0,0,0,3,0,3,Makhmur,Makhmur
Makhmur,94,21,17,1,0,1,9,7,16,Makhmur,Makhmur
Makhmur,95,13,10,1,0,0,6,5,11,Makhmur,Makhmur
Makhmur,96,10,9,0,0,0,2,7,9,Makhmur,Makhmur
Makhmur,97,8,7,0,0,0,0,6,6,Makhmur,Makhmur
Makhmur,98,2,2,0,0,0,1,1,2,Makhmur,Makhmur
Mergasur,88,0,0,0,0,0,0,0,0,Mergasur,Mergasur
Mergasur,89,0,0,0,0,0,0,0,0,Mergasur,Mergasur
Mergasur,90,0,0,0,0,0,0,0,0,Mergasur,Mergasur
Mergasur,91,0,0,0,0,0,0,0,0,Mergasur,Mergasur
Mergasur,92,0,0,0,0,0,0,0,0,Mergasur,Mergasur
Mergasur,93,0,0,0,0,0,0,0,0,Mergasur,Mergasur
Mergasur,94,0,0,0,0,0,0,0,0,Mergasur,Mergasur
Mergasur,95,3,3,0,0,0,2,0,2,Mergasur,Mergasur
Mergasur,96,2,1,0,0,0,1,0,1,Mergasur,Mergasur
Mergasur,97,3,3,1,2,0,0,0,0,Mergasur,Mergasur
Mergasur,98,0,0,0,0,0,0,0,0,Mergasur,Mergasur
Mosul,88,243,243,87,26,0,108,20,128,Mosul,Mosul
Mosul,89,516,516,191,42,0,157,13,170,Mosul,Mosul
Mosul,90,704,702,291,14,0,289,0,289,Mosul,Mosul
Mosul,91,430,428,208,1,1,170,0,170,Mosul,Mosul
Mosul,92,585,547,110,1,2,398,0,398,Mosul,Mosul
Mosul,93,1192,1041,330,2,6,513,170,683,Mosul,Mosul
Mosul,94,1295,1186,373,4,10,518,276,794,Mosul,Mosul
Mosul,95,2097,1995,772,59,12,667,486,1153,Mosul,Mosul
Mosul,96,2012,1906,724,23,5,627,508,1135,Mosul,Mosul
Mosul,97,1166,1021,326,12,15,427,241,668,Mosul,Mosul
Mosul,98,257,244,44,3,4,114,76,190,Mosul,Mosul
Najaf,88,48,48,23,21,0,4,0,4,Najaf,Najaf
Najaf,89,41,41,29,8,0,4,0,4,Najaf,Najaf
Najaf,90,8,8,1,0,0,7,0,7,Najaf,Najaf
Najaf,91,8,8,3,0,0,5,0,5,Najaf,Najaf
Najaf,92,17,13,3,0,0,10,0,10,Najaf,Najaf
Najaf,93,16,5,1,0,0,8,0,8,Najaf,Najaf
Najaf,94,12,5,2,0,1,3,0,3,Najaf,Najaf
Najaf,95,33,15,8,2,0,5,2,7,Najaf,Najaf
Najaf,96,7,5,0,1,0,2,2,4,Najaf,Najaf
Najaf,97,5,3,0,0,0,1,2,3,Najaf,Najaf
Najaf,98,3,3,0,0,0,1,2,3,Najaf,Najaf
Nassriya,88,39,39,22,8,0,5,4,9,Nassriya,Nassriya
Nassriya,89,33,33,23,7,0,3,0,3,Nassriya,Nassriya
Nassriya,90,17,17,11,0,0,6,0,6,Nassriya,Nassriya
Nassriya,91,22,22,9,0,0,3,0,3,Nassriya,Nassriya
Nassriya,92,51,48,5,0,0,19,0,19,Nassriya,Nassriya
Nassriya,93,52,47,6,0,0,3,2,5,Nassriya,Nassriya
Nassriya,94,28,26,7,0,0,4,0,4,Nassriya,Nassriya
Nassriya,95,34,26,9,6,0,6,0,6,Nassriya,Nassriya
Nassriya,96,48,48,27,3,0,11,2,13,Nassriya,Nassriya
Nassriya,97,25,24,8,2,0,9,4,13,Nassriya,Nassriya
Nassriya,98,4,3,0,0,0,1,1,2,Nassriya,Nassriya
Penjwin,88,0,0,0,0,0,0,0,0,Penjwin,Penjwin
Penjwin,89,0,0,0,0,0,0,0,0,Penjwin,Penjwin
Penjwin,90,0,0,0,0,0,0,0,0,Penjwin,Penjwin
Penjwin,91,0,0,0,0,0,0,0,0,Penjwin,Penjwin
Penjwin,92,0,0,0,0,0,0,0,0,Penjwin,Penjwin
Penjwin,93,4,4,0,0,0,4,0,4,Penjwin,Penjwin
Penjwin,94,3,2,2,0,0,1,0,1,Penjwin,Penjwin
Penjwin,95,2,2,2,0,0,0,0,0,Penjwin,Penjwin
Penjwin,96,1,1,0,0,0,1,0,1,Penjwin,Penjwin
Penjwin,97,0,0,0,0,0,0,0,0,Penjwin,Penjwin
Penjwin,98,0,0,0,0,0,0,0,0,Penjwin,Penjwin
Pshdar,88,0,0,0,0,0,0,0,0,Pshdar,Pshdar
Pshdar,89,0,0,0,0,0,0,0,0,Pshdar,Pshdar
Pshdar,90,0,0,0,0,0,0,0,0,Pshdar,Pshdar
Pshdar,91,0,0,0,0,0,0,0,0,Pshdar,Pshdar
Pshdar,92,0,0,0,0,0,0,0,0,Pshdar,Pshdar
Pshdar,93,1,0,0,0,0,0,0,0,Pshdar,Pshdar
Pshdar,94,1,1,0,0,0,1,0,1,Pshdar,Pshdar
Pshdar,95,1,0,0,0,0,0,0,0,Pshdar,Pshdar
Pshdar,96,0,0,0,0,0,0,0,0,Pshdar,Pshdar
Pshdar,97,0,0,0,0,0,0,0,0,Pshdar,Pshdar
Pshdar,98,0,0,0,0,0,0,0,0,Pshdar,Pshdar
Qal'at Saleh,88,3,3,1,0,0,2,0,2,Qal'at Saleh,Qal'at Saleh
Qal'at Saleh,89,5,5,2,0,0,3,0,3,Qal'at Saleh,Qal'at Saleh
Qal'at Saleh,90,1,1,0,0,0,1,0,1,Qal'at Saleh,Qal'at Saleh
Qal'at Saleh,91,0,0,0,0,0,0,0,0,Qal'at Saleh,Qal'at Saleh
Qal'at Saleh,92,0,0,0,0,0,0,0,0,Qal'at Saleh,Qal'at Saleh
Qal'at Saleh,93,2,2,1,0,0,1,0,1,Qal'at Saleh,Qal'at Saleh
Qal'at Saleh,94,1,1,0,0,0,1,0,1,Qal'at Saleh,Qal'at Saleh
Qal'at Saleh,95,0,0,0,0,0,0,0,0,Qal'at Saleh,Qal'at Saleh
Qal'at Saleh,96,1,1,0,0,0,1,0,1,Qal'at Saleh,Qal'at Saleh
Qal'at Saleh,97,6,6,1,0,0,2,2,4,Qal'at Saleh,Qal'at Saleh
Qal'at Saleh,98,2,2,0,0,0,1,1,2,Qal'at Saleh,Qal'at Saleh
Ramadi,88,270,270,93,9,1,166,1,167,Ramadi,Ramadi
Ramadi,89,597,597,246,51,0,241,1,242,Ramadi,Ramadi
Ramadi,90,1017,1017,253,31,0,520,0,520,Ramadi,Ramadi
Ramadi,91,1901,1899,542,4,0,936,0,936,Ramadi,Ramadi
Ramadi,92,2901,2875,1117,7,1,1252,0,1252,Ramadi,Ramadi
Ramadi,93,4004,3942,1648,36,23,1238,416,1654,Ramadi,Ramadi
Ramadi,94,2335,2140,993,14,40,331,761,1092,Ramadi,Ramadi
Ramadi,95,266,249,93,0,5,45,108,153,Ramadi,Ramadi
Ramadi,96,114,110,34,0,5,18,42,60,Ramadi,Ramadi
Ramadi,97,88,88,24,0,0,21,27,48,Ramadi,Ramadi
Ramadi,98,16,13,4,0,0,2,6,8,Ramadi,Ramadi
Rania,88,0,0,0,0,0,0,0,0,Rania,Rania
Rania,89,0,0,0,0,0,0,0,0,Rania,Rania
Rania,90,0,0,0,0,0,0,0,0,Rania,Rania
Rania,91,0,0,0,0,0,0,0,0,Rania,Rania
Rania,92,0,0,0,0,0,0,0,0,Rania,Rania
Rania,93,0,0,0,0,0,0,0,0,Rania,Rania
Rania,94,0,0,0,0,0,0,0,0,Rania,Rania
Rania,95,1,1,0,1,0,0,0,0,Rania,Rania
Rania,96,1,1,0,0,0,1,0,1,Rania,Rania
Rania,97,0,0,0,0,0,0,0,0,Rania,Rania
Rania,98,0,0,0,0,0,0,0,0,Rania,Rania
Samarra,88,59,59,24,4,0,30,1,31,Samarra,Samarra
Samarra,89,82,82,24,11,0,44,0,44,Samarra,Samarra
Samarra,90,98,98,21,1,0,69,0,69,Samarra,Samarra
Samarra,91,126,126,28,0,0,77,0,77,Samarra,Samarra
Samarra,92,95,94,14,0,0,66,0,66,Samarra,Samarra
Samarra,93,239,224,29,0,1,127,42,169,Samarra,Samarra
Samarra,94,254,233,13,0,0,128,41,169,Samarra,Samarra
Samarra,95,162,157,17,2,0,91,42,133,Samarra,Samarra
Samarra,96,104,102,17,1,1,36,44,80,Samarra,Samarra
Samarra,97,56,55,7,0,0,16,25,41,Samarra,Samarra
Samarra,98,11,11,3,0,0,3,3,6,Samarra,Samarra
Shaqlawa,88,0,0,0,0,0,0,0,0,Shaqlawa,Shaqlawa
Shaqlawa,89,0,0,0,0,0,0,0,0,Shaqlawa,Shaqlawa
Shaqlawa,90,0,0,0,0,0,0,0,0,Shaqlawa,Shaqlawa
Shaqlawa,91,0,0,0,0,0,0,0,0,Shaqlawa,Shaqlawa
Shaqlawa,92,0,0,0,0,0,0,0,0,Shaqlawa,Shaqlawa
Shaqlawa,93,1,1,0,0,0,1,0,1,Shaqlawa,Shaqlawa
Shaqlawa,94,0,0,0,0,0,0,0,0,Shaqlawa,Shaqlawa
Shaqlawa,95,0,0,0,0,0,0,0,0,Shaqlawa,Shaqlawa
Shaqlawa,96,0,0,0,0,0,0,0,0,Shaqlawa,Shaqlawa
Shaqlawa,97,0,0,0,0,0,0,0,0,Shaqlawa,Shaqlawa
Shaqlawa,98,0,0,0,0,0,0,0,0,Shaqlawa,Shaqlawa
Sharbazher,88,0,0,0,0,0,0,0,0,Sharbazher,Sharbazher
Sharbazher,89,0,0,0,0,0,0,0,0,Sharbazher,Sharbazher
Sharbazher,90,1,1,1,0,0,0,0,0,Sharbazher,Sharbazher
Sharbazher,91,0,0,0,0,0,0,0,0,Sharbazher,Sharbazher
Sharbazher,92,0,0,0,0,0,0,0,0,Sharbazher,Sharbazher
Sharbazher,93,0,0,0,0,0,0,0,0,Sharbazher,Sharbazher
Sharbazher,94,0,0,0,0,0,0,0,0,Sharbazher,Sharbazher
Sharbazher,95,1,0,0,0,0,0,0,0,Sharbazher,Sharbazher
Sharbazher,96,1,1,1,0,0,0,0,0,Sharbazher,Sharbazher
Sharbazher,97,0,0,0,0,0,0,0,0,Sharbazher,Sharbazher
Sharbazher,98,0,0,0,0,0,0,0,0,Sharbazher,Sharbazher
Shatt Al-Arab,88,8,8,2,1,0,3,2,5,Shatt Al-Arab,Shatt Al-Arab
Shatt Al-Arab,89,3,3,3,0,0,0,0,0,Shatt Al-Arab,Shatt Al-Arab
Shatt Al-Arab,90,1,1,1,0,0,0,0,0,Shatt Al-Arab,Shatt Al-Arab
Shatt Al-Arab,91,4,4,3,0,0,0,0,0,Shatt Al-Arab,Shatt Al-Arab
Shatt Al-Arab,92,12,11,4,0,0,2,0,2,Shatt Al-Arab,Shatt Al-Arab
Shatt Al-Arab,93,25,18,9,0,0,1,1,2,Shatt Al-Arab,Shatt Al-Arab
Shatt Al-Arab,94,7,6,2,1,0,2,0,2,Shatt Al-Arab,Shatt Al-Arab
Shatt Al-Arab,95,11,1,2,2,0,0,0,0,Shatt Al-Arab,Shatt Al-Arab
Shatt Al-Arab,96,6,4,1,2,0,0,0,0,Shatt Al-Arab,Shatt Al-Arab
Shatt Al-Arab,97,3,2,2,0,0,0,0,0,Shatt Al-Arab,Shatt Al-Arab
Shatt Al-Arab,98,0,0,0,0,0,0,0,0,Shatt Al-Arab,Shatt Al-Arab
Sinjar,88,9,9,2,1,0,4,2,6,Sinjar,Sinjar
Sinjar,89,6,6,1,0,0,5,0,5,Sinjar,Sinjar
Sinjar,90,15,15,4,0,0,10,0,10,Sinjar,Sinjar
Sinjar,91,28,28,10,0,0,18,0,18,Sinjar,Sinjar
Sinjar,92,20,11,4,0,0,9,0,9,Sinjar,Sinjar
Sinjar,93,38,27,7,0,2,20,3,23,Sinjar,Sinjar
Sinjar,94,60,39,10,1,0,24,13,37,Sinjar,Sinjar
Sinjar,95,47,33,10,1,2,18,9,27,Sinjar,Sinjar
Sinjar,96,31,29,5,0,1,8,13,21,Sinjar,Sinjar
Sinjar,97,14,12,4,0,1,4,2,6,Sinjar,Sinjar
Sinjar,98,2,1,0,0,0,1,0,1,Sinjar,Sinjar
Soran,88,0,0,0,0,0,0,0,0,Soran,Soran
Soran,89,2,2,1,0,0,1,0,1,Soran,Soran
Soran,90,0,0,0,0,0,0,0,0,Soran,Soran
Soran,91,0,0,0,0,0,0,0,0,Soran,Soran
Soran,92,0,0,0,0,0,0,0,0,Soran,Soran
Soran,93,0,0,0,0,0,0,0,0,Soran,Soran
Soran,94,0,0,0,0,0,0,0,0,Soran,Soran
Soran,95,0,0,0,0,0,0,0,0,Soran,Soran
Soran,96,0,0,0,0,0,0,0,0,Soran,Soran
Soran,97,0,0,0,0,0,0,0,0,Soran,Soran
Soran,98,0,0,0,0,0,0,0,0,Soran,Soran
Sulaymaniya,88,0,0,0,0,0,0,0,0,Sulaymaniya,Sulaymaniya
Sulaymaniya,89,1,1,0,0,0,1,0,1,Sulaymaniya,Sulaymaniya
Sulaymaniya,90,2,2,0,0,0,2,0,2,Sulaymaniya,Sulaymaniya
Sulaymaniya,91,1,1,0,0,0,1,0,1,Sulaymaniya,Sulaymaniya
Sulaymaniya,92,1,1,1,0,0,0,0,0,Sulaymaniya,Sulaymaniya
Sulaymaniya,93,0,0,0,0,0,0,0,0,Sulaymaniya,Sulaymaniya
Sulaymaniya,94,2,1,0,0,0,1,0,1,Sulaymaniya,Sulaymaniya
Sulaymaniya,95,1,1,0,0,0,0,0,0,Sulaymaniya,Sulaymaniya
Sulaymaniya,96,1,1,0,0,0,1,0,1,Sulaymaniya,Sulaymaniya
Sulaymaniya,97,1,1,0,0,0,1,0,1,Sulaymaniya,Sulaymaniya
Sulaymaniya,98,0,0,0,0,0,0,0,0,Sulaymaniya,Sulaymaniya
Sumel,88,1,1,0,0,0,0,1,1,Sumel,Sumel
Sumel,89,1,1,0,0,0,1,0,1,Sumel,Sumel
Sumel,90,0,0,0,0,0,0,0,0,Sumel,Sumel
Sumel,91,2,2,2,0,0,0,0,0,Sumel,Sumel
Sumel,92,0,0,0,0,0,0,0,0,Sumel,Sumel
Sumel,93,3,3,0,0,0,1,1,2,Sumel,Sumel
Sumel,94,0,0,0,0,0,0,0,0,Sumel,Sumel
Sumel,95,3,3,2,0,0,0,0,0,Sumel,Sumel
Sumel,96,1,1,0,0,0,1,0,1,Sumel,Sumel
Sumel,97,1,0,0,0,0,0,0,0,Sumel,Sumel
Sumel,98,0,0,0,0,0,0,0,0,Sumel,Sumel
Suq Al-Shoyokh,88,11,11,11,0,0,0,0,0,Suq Al-Shoyokh,Suq Al-Shoyokh
Suq Al-Shoyokh,89,9,9,4,2,0,2,0,2,Suq Al-Shoyokh,Suq Al-Shoyokh
Suq Al-Shoyokh,90,4,4,3,0,0,1,0,1,Suq Al-Shoyokh,Suq Al-Shoyokh
Suq Al-Shoyokh,91,4,4,1,0,0,1,0,1,Suq Al-Shoyokh,Suq Al-Shoyokh
Suq Al-Shoyokh,92,8,6,2,0,0,4,0,4,Suq Al-Shoyokh,Suq Al-Shoyokh
Suq Al-Shoyokh,93,17,15,3,0,0,11,0,11,Suq Al-Shoyokh,Suq Al-Shoyokh
Suq Al-Shoyokh,94,24,24,3,0,0,15,2,17,Suq Al-Shoyokh,Suq Al-Shoyokh
Suq Al-Shoyokh,95,28,23,3,3,0,16,4,20,Suq Al-Shoyokh,Suq Al-Shoyokh
Suq Al-Shoyokh,96,14,14,4,4,0,1,4,5,Suq Al-Shoyokh,Suq Al-Shoyokh
Suq Al-Shoyokh,97,3,3,0,1,0,1,1,2,Suq Al-Shoyokh,Suq Al-Shoyokh
Suq Al-Shoyokh,98,1,1,0,0,0,0,1,1,Suq Al-Shoyokh,Suq Al-Shoyokh
Tarmia,88,68,68,19,6,0,43,0,43,Tarmia,Tarmia
Tarmia,89,240,240,73,13,0,149,2,151,Tarmia,Tarmia
Tarmia,90,291,291,40,8,0,240,0,240,Tarmia,Tarmia
Tarmia,91,457,457,105,3,0,331,0,331,Tarmia,Tarmia
Tarmia,92,773,751,191,3,0,492,0,492,Tarmia,Tarmia
Tarmia,93,1415,1337,361,10,0,612,301,913,Tarmia,Tarmia
Tarmia,94,1458,1414,475,22,3,443,341,784,Tarmia,Tarmia
Tarmia,95,535,525,164,23,0,163,158,321,Tarmia,Tarmia
Tarmia,96,142,140,55,4,1,36,40,76,Tarmia,Tarmia
Tarmia,97,132,132,7,4,3,56,54,110,Tarmia,Tarmia
Tarmia,98,24,24,0,2,0,11,7,18,Tarmia,Tarmia
Telafar,88,58,58,21,6,0,31,0,31,Telafar,Telafar
Telafar,89,146,146,58,3,0,68,0,68,Telafar,Telafar
Telafar,90,448,448,190,2,0,191,0,191,Telafar,Telafar
Telafar,91,394,394,176,1,3,183,0,183,Telafar,Telafar
Telafar,92,258,229,55,1,2,128,0,128,Telafar,Telafar
Telafar,93,220,183,28,1,12,87,35,122,Telafar,Telafar
Telafar,94,235,187,30,0,7,86,63,149,Telafar,Telafar
Telafar,95,175,151,39,6,5,72,47,119,Telafar,Telafar
Telafar,96,125,121,18,1,4,48,48,96,Telafar,Telafar
Telafar,97,72,62,3,0,5,37,16,53,Telafar,Telafar
Telafar,98,5,5,1,0,0,2,2,4,Telafar,Telafar
Tikrit,88,112,112,56,17,0,38,1,39,Tikrit,Tikrit
Tikrit,89,223,223,86,27,0,79,1,80,Tikrit,Tikrit
Tikrit,90,251,251,65,9,0,134,0,134,Tikrit,Tikrit
Tikrit,91,402,402,64,4,0,240,0,240,Tikrit,Tikrit
Tikrit,92,429,403,67,1,1,325,0,325,Tikrit,Tikrit
Tikrit,93,657,594,84,2,2,348,133,481,Tikrit,Tikrit
Tikrit,94,907,803,115,2,4,404,245,649,Tikrit,Tikrit
Tikrit,95,745,707,114,7,4,356,225,581,Tikrit,Tikrit
Tikrit,96,367,357,92,1,2,147,99,246,Tikrit,Tikrit
Tikrit,97,217,209,28,2,0,85,85,170,Tikrit,Tikrit
Tikrit,98,59,59,7,0,0,28,19,47,Tikrit,Tikrit
Tilkaif,88,23,23,8,0,0,13,2,15,Tilkaif,Tilkaif
Tilkaif,89,23,23,7,1,0,14,0,14,Tilkaif,Tilkaif
Tilkaif,90,32,32,11,0,0,21,0,21,Tilkaif,Tilkaif
Tilkaif,91,21,21,7,0,0,14,0,14,Tilkaif,Tilkaif
Tilkaif,92,26,25,5,0,0,17,0,17,Tilkaif,Tilkaif
Tilkaif,93,59,51,5,0,1,40,8,48,Tilkaif,Tilkaif
Tilkaif,94,97,91,5,0,0,74,17,91,Tilkaif,Tilkaif
Tilkaif,95,87,79,9,0,1,48,23,71,Tilkaif,Tilkaif
Tilkaif,96,87,80,7,0,1,45,26,71,Tilkaif,Tilkaif
Tilkaif,97,130,116,12,1,0,71,31,102,Tilkaif,Tilkaif
Tilkaif,98,27,24,1,0,0,13,9,22,Tilkaif,Tilkaif
Tooz,88,19,19,4,1,0,13,1,14,Tooz,Tooz
Tooz,89,37,37,15,2,0,17,0,17,Tooz,Tooz
Tooz,90,45,45,8,0,0,37,0,37,Tooz,Tooz
Tooz,91,65,65,5,0,1,54,0,54,Tooz,Tooz
Tooz,92,64,61,8,0,0,50,0,50,Tooz,Tooz
Tooz,93,65,52,5,0,0,35,17,52,Tooz,Tooz
Tooz,94,123,90,13,0,1,46,33,79,Tooz,Tooz
Tooz,95,151,111,27,6,0,55,28,83,Tooz,Tooz
Tooz,96,81,69,12,0,0,25,31,56,Tooz,Tooz
Tooz,97,120,105,10,0,0,56,40,96,Tooz,Tooz
Tooz,98,27,21,4,1,0,8,6,14,Tooz,Tooz
Zakho,88,0,0,0,0,0,0,0,0,Zakho,Zakho
Zakho,89,0,0,0,0,0,0,0,0,Zakho,Zakho
Zakho,90,1,1,0,0,0,1,0,1,Zakho,Zakho
Zakho,91,0,0,0,0,0,0,0,0,Zakho,Zakho
Zakho,92,0,0,0,0,0,0,0,0,Zakho,Zakho
Zakho,93,1,1,1,0,0,0,0,0,Zakho,Zakho
Zakho,94,3,0,0,0,0,0,0,0,Zakho,Zakho
Zakho,95,3,1,0,1,0,0,0,0,Zakho,Zakho
Zakho,96,1,1,0,0,0,0,0,0,Zakho,Zakho
Zakho,97,0,0,0,0,0,0,0,0,Zakho,Zakho
Zakho,98,0,0,0,0,0,0,0,0,Zakho,Zakho
